file,total_rows,embedded_header_count,embedded_header_row_numbers,error,file_type,path
Campaign 33 Data 24 Feb 2026 XAUUSD only (1D).csv,749,0,[],,trade,c:\Desktop\C22-veNTUre\data\User Trades\Campaign 33 Data 24 Feb 2026 XAUUSD only (1D).csv
Campaign 34 Data 03 Mar 2026 XAUUSD only (1D).csv,942,0,[],,trade,c:\Desktop\C22-veNTUre\data\User Trades\Campaign 34 Data 03 Mar 2026 XAUUSD only (1D).csv
Campaign 35 Data 06 Mar 2026 XAUUSD only (1D).csv,1030,0,[],,trade,c:\Desktop\C22-veNTUre\data\User Trades\Campaign 35 Data 06 Mar 2026 XAUUSD only (1D).csv
Campaign 36 Data 09 Mar 2026 XAUUSD only (1D).csv,1457,0,[],,trade,c:\Desktop\C22-veNTUre\data\User Trades\Campaign 36 Data 09 Mar 2026 XAUUSD only (1D).csv
Campaign 37 Data 13 Mar 2026 XAUUSD only (1D).csv,1432,0,[],,trade,c:\Desktop\C22-veNTUre\data\User Trades\Campaign 37 Data 13 Mar 2026 XAUUSD only (1D).csv
Campaign 38 Data 17 Mar 2026 XAUUSD only (1D).csv,1271,0,[],,trade,c:\Desktop\C22-veNTUre\data\User Trades\Campaign 38 Data 17 Mar 2026 XAUUSD only (1D).csv
Campaign 39 Data 20 Mar 2026 XAUUSD only (1D).csv,1180,0,[],,trade,c:\Desktop\C22-veNTUre\data\User Trades\Campaign 39 Data 20 Mar 2026 XAUUSD only (1D).csv
Campaign 40 Data 24 Mar 2026 XAUUSD only (1D).csv,1432,0,[],,trade,c:\Desktop\C22-veNTUre\data\User Trades\Campaign 40 Data 24 Mar 2026 XAUUSD only (1D).csv
Campaign 41 Data 27 Mar 2026 XAUUSD only (1D).csv,1227,0,[],,trade,c:\Desktop\C22-veNTUre\data\User Trades\Campaign 41 Data 27 Mar 2026 XAUUSD only (1D).csv
Campaign 42 Data 31 Mar 2026 XAUUSD only (1D).csv,1674,0,[],,trade,c:\Desktop\C22-veNTUre\data\User Trades\Campaign 42 Data 31 Mar 2026 XAUUSD only (1D).csv
Campaign 43 Data 6 Apr 2026 XAUUSD only (1D).csv,1404,0,[],,trade,c:\Desktop\C22-veNTUre\data\User Trades\Campaign 43 Data 6 Apr 2026 XAUUSD only (1D).csv
Campaign 44 Data 10 Apr 2026 XAUUSD only (1D).csv,1577,0,[],,trade,c:\Desktop\C22-veNTUre\data\User Trades\Campaign 44 Data 10 Apr 2026 XAUUSD only (1D).csv
Campaign 45 Data 14 Apr 2026 XAUUSD only (1D).csv,1255,0,[],,trade,c:\Desktop\C22-veNTUre\data\User Trades\Campaign 45 Data 14 Apr 2026 XAUUSD only (1D).csv
Campaign 46 Data 17 Apr 2026 XAUUSD only (1D).csv,1390,0,[],,trade,c:\Desktop\C22-veNTUre\data\User Trades\Campaign 46 Data 17 Apr 2026 XAUUSD only (1D).csv
Campaign 47 Data 24 Apr 2026 XAUUSD only (1D).csv,986,0,[],,trade,c:\Desktop\C22-veNTUre\data\User Trades\Campaign 47 Data 24 Apr 2026 XAUUSD only (1D).csv
Campaign 48 Data 28 Apr 2026 XAUUSD only (1D).csv,1469,0,[],,trade,c:\Desktop\C22-veNTUre\data\User Trades\Campaign 48 Data 28 Apr 2026 XAUUSD only (1D).csv
Campaign 49 Data 01 May 2026 XAUUSD only (1D).csv,1367,0,[],,trade,c:\Desktop\C22-veNTUre\data\User Trades\Campaign 49 Data 01 May 2026 XAUUSD only (1D).csv
Campaign 50 Data 07 May 2026 XAUUSD only (1D).csv,1171,0,[],,trade,c:\Desktop\C22-veNTUre\data\User Trades\Campaign 50 Data 07 May 2026 XAUUSD only (1D).csv
Campaign 51 Data 12 May 2026 XAUUSD only (1D).csv,1165,0,[],,trade,c:\Desktop\C22-veNTUre\data\User Trades\Campaign 51 Data 12 May 2026 XAUUSD only (1D).csv
Campaign 52 Data 15 May 2026 XAUUSD only (1D).csv,987,0,[],,trade,c:\Desktop\C22-veNTUre\data\User Trades\Campaign 52 Data 15 May 2026 XAUUSD only (1D).csv
Campaign 53 Data 19 May 2026 XAUUSD only (1D).csv,1063,0,[],,trade,c:\Desktop\C22-veNTUre\data\User Trades\Campaign 53 Data 19 May 2026 XAUUSD only (1D).csv
Campaign 54 Data 22 May 2026 XAUUSD only (1D).csv,1511,0,[],,trade,c:\Desktop\C22-veNTUre\data\User Trades\Campaign 54 Data 22 May 2026 XAUUSD only (1D).csv
Campaign 55 Data 26 May 2026 XAUUSD only (1D).csv,1222,0,[],,trade,c:\Desktop\C22-veNTUre\data\User Trades\Campaign 55 Data 26 May 2026 XAUUSD only (1D).csv
Campaign 56 Data 29 May 2026 XAUUSD only (1D).csv,1732,0,[],,trade,c:\Desktop\C22-veNTUre\data\User Trades\Campaign 56 Data 29 May 2026 XAUUSD only (1D).csv
Campaign 57 Data 02 June 2026 XAUUSD only (1D).csv,1256,0,[],,trade,c:\Desktop\C22-veNTUre\data\User Trades\Campaign 57 Data 02 June 2026 XAUUSD only (1D).csv
Campaign 58 Data 05 June 2026 XAUUSD only (1D).csv,1263,0,[],,trade,c:\Desktop\C22-veNTUre\data\User Trades\Campaign 58 Data 05 June 2026 XAUUSD only (1D).csv
Campaign 59 Data 09 June 2026 XAUUSD only (1D).csv,1490,0,[],,trade,c:\Desktop\C22-veNTUre\data\User Trades\Campaign 59 Data 09 June 2026 XAUUSD only (1D).csv
Campaign 60 Data 12 June 2026 XAUUSD only (1D).csv,1575,0,[],,trade,c:\Desktop\C22-veNTUre\data\User Trades\Campaign 60 Data 12 June 2026 XAUUSD only (1D).csv
Campaign 61 Data 16 June 2026 XAUUSD only (1D).csv,1573,0,[],,trade,c:\Desktop\C22-veNTUre\data\User Trades\Campaign 61 Data 16 June 2026 XAUUSD only (1D).csv
Campaign 62 Data 19 June 2026 XAUUSD only (1D).csv,1602,0,[],,trade,c:\Desktop\C22-veNTUre\data\User Trades\Campaign 62 Data 19 June 2026 XAUUSD only (1D).csv
Campaign 63 Data 23 June 2026 XAUUSD only (1D).csv,1715,0,[],,trade,c:\Desktop\C22-veNTUre\data\User Trades\Campaign 63 Data 23 June 2026 XAUUSD only (1D).csv
Campaign 64 Data 26 June 2026 XAUUSD only (1D).csv,1696,0,[],,trade,c:\Desktop\C22-veNTUre\data\User Trades\Campaign 64 Data 26 June 2026 XAUUSD only (1D).csv
Campaign 65 Data 30 June 2026 XAUUSD only (1D).csv,1746,0,[],,trade,c:\Desktop\C22-veNTUre\data\User Trades\Campaign 65 Data 30 June 2026 XAUUSD only (1D).csv
Campaign 66 Data 03 July 2026 XAUUSD only (1D).csv,1911,0,[],,trade,c:\Desktop\C22-veNTUre\data\User Trades\Campaign 66 Data 03 July 2026 XAUUSD only (1D).csv
Campaign 33 Data 24 Feb 2026 Traders only (1D).xlsx,500,0,[],,trader,c:\Desktop\C22-veNTUre\data\User Data\Campaign 33 Data 24 Feb 2026 Traders only (1D).xlsx
Campaign 34 Data 03 Mar 2026 Traders only (1D).xlsx,281,0,[],,trader,c:\Desktop\C22-veNTUre\data\User Data\Campaign 34 Data 03 Mar 2026 Traders only (1D).xlsx
Campaign 35 Data 06 Mar 2026 Traders only (1D).xlsx,500,0,[],,trader,c:\Desktop\C22-veNTUre\data\User Data\Campaign 35 Data 06 Mar 2026 Traders only (1D).xlsx
Campaign 36 Data 09 Mar 2026 Traders only (1D).xlsx,401,0,[],,trader,c:\Desktop\C22-veNTUre\data\User Data\Campaign 36 Data 09 Mar 2026 Traders only (1D).xlsx
Campaign 37 Data 13 Mar 2026 Traders only (1D).xlsx,455,0,[],,trader,c:\Desktop\C22-veNTUre\data\User Data\Campaign 37 Data 13 Mar 2026 Traders only (1D).xlsx
Campaign 38 Data 17 Mar 2026 Traders only (1D).xlsx,500,0,[],,trader,c:\Desktop\C22-veNTUre\data\User Data\Campaign 38 Data 17 Mar 2026 Traders only (1D).xlsx
Campaign 39 Data 20 Mar 2026 Traders only (1D).xlsx,340,0,[],,trader,c:\Desktop\C22-veNTUre\data\User Data\Campaign 39 Data 20 Mar 2026 Traders only (1D).xlsx
Campaign 40 Data 24 Mar 2026 Traders only (1D).xlsx,381,0,[],,trader,c:\Desktop\C22-veNTUre\data\User Data\Campaign 40 Data 24 Mar 2026 Traders only (1D).xlsx
Campaign 41 Data 27 Mar 2026 Traders only (1D).xlsx,223,0,[],,trader,c:\Desktop\C22-veNTUre\data\User Data\Campaign 41 Data 27 Mar 2026 Traders only (1D).xlsx
Campaign 42 Data 31 Mar 2026 Traders only (1D).xlsx,500,0,[],,trader,c:\Desktop\C22-veNTUre\data\User Data\Campaign 42 Data 31 Mar 2026 Traders only (1D).xlsx
Campaign 43 Data 6 Apr 2026 Traders only (1D).xlsx,500,0,[],,trader,c:\Desktop\C22-veNTUre\data\User Data\Campaign 43 Data 6 Apr 2026 Traders only (1D).xlsx
Campaign 44 Data 10 Apr 2026 Traders only (1D).csv,500,0,[],,trader,c:\Desktop\C22-veNTUre\data\User Data\Campaign 44 Data 10 Apr 2026 Traders only (1D).csv
Campaign 45 Data 14 Apr 2026 Traders only (1D).csv,500,0,[],,trader,c:\Desktop\C22-veNTUre\data\User Data\Campaign 45 Data 14 Apr 2026 Traders only (1D).csv
Campaign 46 Data 17 Apr 2026 Traders only (1D).csv,500,0,[],,trader,c:\Desktop\C22-veNTUre\data\User Data\Campaign 46 Data 17 Apr 2026 Traders only (1D).csv
Campaign 47 Data 24 Apr 2026 Traders only (1D).csv,500,0,[],,trader,c:\Desktop\C22-veNTUre\data\User Data\Campaign 47 Data 24 Apr 2026 Traders only (1D).csv
Campaign 48 Data 28 Apr 2026 Traders only (1D).csv,500,0,[],,trader,c:\Desktop\C22-veNTUre\data\User Data\Campaign 48 Data 28 Apr 2026 Traders only (1D).csv
Campaign 49 Data 01 May 2026 Traders only (1D).csv,500,0,[],,trader,c:\Desktop\C22-veNTUre\data\User Data\Campaign 49 Data 01 May 2026 Traders only (1D).csv
Campaign 50 Data 07 May 2026 Traders only (1D).csv,500,0,[],,trader,c:\Desktop\C22-veNTUre\data\User Data\Campaign 50 Data 07 May 2026 Traders only (1D).csv
Campaign 51 Data 12 May 2026 Traders only (1D).csv,500,0,[],,trader,c:\Desktop\C22-veNTUre\data\User Data\Campaign 51 Data 12 May 2026 Traders only (1D).csv
Campaign 52 Data 15 May 2026 Traders only (1D).csv,500,0,[],,trader,c:\Desktop\C22-veNTUre\data\User Data\Campaign 52 Data 15 May 2026 Traders only (1D).csv
Campaign 53 Data 19 May 2026 Traders only (1D).csv,500,0,[],,trader,c:\Desktop\C22-veNTUre\data\User Data\Campaign 53 Data 19 May 2026 Traders only (1D).csv
Campaign 54 Data 22 May 2026 Traders only (1D).csv,500,0,[],,trader,c:\Desktop\C22-veNTUre\data\User Data\Campaign 54 Data 22 May 2026 Traders only (1D).csv
Campaign 55 Data 26 May 2026 Traders only (1D).csv,500,0,[],,trader,c:\Desktop\C22-veNTUre\data\User Data\Campaign 55 Data 26 May 2026 Traders only (1D).csv
Campaign 56 Data 29 May 2026 Traders only (1D).csv,500,0,[],,trader,c:\Desktop\C22-veNTUre\data\User Data\Campaign 56 Data 29 May 2026 Traders only (1D).csv
Campaign 57 Data 02 June 2026 Traders only (1D).xlsx,504,4,"[102, 203, 304, 405]",,trader,c:\Desktop\C22-veNTUre\data\User Data\Campaign 57 Data 02 June 2026 Traders only (1D).xlsx
Campaign 58 Data 05 June 2026 Traders only (1D).xlsx,298,0,[],,trader,c:\Desktop\C22-veNTUre\data\User Data\Campaign 58 Data 05 June 2026 Traders only (1D).xlsx
Campaign 59 Data 09 Jun 2026 Traders only (1D).csv,500,0,[],,trader,c:\Desktop\C22-veNTUre\data\User Data\Campaign 59 Data 09 Jun 2026 Traders only (1D).csv
Campaign 60 Data 12 June 2026 Traders only (1D).xlsx,500,0,[],,trader,c:\Desktop\C22-veNTUre\data\User Data\Campaign 60 Data 12 June 2026 Traders only (1D).xlsx
Campaign 61 Data 16 June 2026 Traders only (1D).xlsx,500,0,[],,trader,c:\Desktop\C22-veNTUre\data\User Data\Campaign 61 Data 16 June 2026 Traders only (1D).xlsx
Campaign 62 Data 19 June 2026 Traders only (1D).xlsx,495,0,[],,trader,c:\Desktop\C22-veNTUre\data\User Data\Campaign 62 Data 19 June 2026 Traders only (1D).xlsx
Campaign 63 Data 23 June 2026 Traders only (1D).xlsx,500,0,[],,trader,c:\Desktop\C22-veNTUre\data\User Data\Campaign 63 Data 23 June 2026 Traders only (1D).xlsx
Campaign 64 Data 26 June 2026 Traders only (1D).xlsx,500,0,[],,trader,c:\Desktop\C22-veNTUre\data\User Data\Campaign 64 Data 26 June 2026 Traders only (1D).xlsx
Campaign 65 Data 30 June 2026 Traders only (1D).xlsx,500,0,[],,trader,c:\Desktop\C22-veNTUre\data\User Data\Campaign 65 Data 30 June 2026 Traders only (1D).xlsx
Campaign 66 Data 03 July 2026 Traders only (1D).xlsx,500,0,[],,trader,c:\Desktop\C22-veNTUre\data\User Data\Campaign 66 Data 03 July 2026 Traders only (1D).xlsx
