file,campaign_id,campaign_date,original_rows,cleaned_rows,rows_removed,embedded_header_row_numbers,original_columns,invalid_numeric_counts,invalid_datetime_counts,missing_account_id,missing_open_datetime,missing_close_datetime,error
Campaign 33 Data 24 Feb 2026 XAUUSD only (1D).csv,33,2026-02-24,749,749,0,[],"['accountId', 'instrument', 'lotSize', 'closeTradeId', 'positionId', 'closeOrderId', 'openOrderId', 'durationSec', 'openDateTime', 'closeDateTime', 'profit', 'reverseProfit', 'netProfit', 'commission', 'swap', 'amount', 'openPrice', 'closePrice', 'slPrice', 'tpPrice', 'side', 'currency', 'openTradeCrossPrice', 'closeTradeCrossPrice', 'userGroupId']","{'lot_size': 0, 'duration_sec': 0, 'profit': 0, 'reverse_profit': 0, 'net_profit': 0, 'commission': 0, 'swap': 0, 'amount': 0, 'open_price': 0, 'close_price': 0, 'sl_price': 0, 'tp_price': 0, 'open_trade_cross_price': 0, 'close_trade_cross_price': 0}","{'open_date_time': 0, 'close_date_time': 0}",0,0,0,
Campaign 34 Data 03 Mar 2026 XAUUSD only (1D).csv,34,2026-03-03,942,942,0,[],"['accountId', 'instrument', 'lotSize', 'closeTradeId', 'positionId', 'closeOrderId', 'openOrderId', 'durationSec', 'openDateTime', 'closeDateTime', 'profit', 'reverseProfit', 'netProfit', 'commission', 'swap', 'amount', 'openPrice', 'closePrice', 'slPrice', 'tpPrice', 'side', 'currency', 'openTradeCrossPrice', 'closeTradeCrossPrice', 'userGroupId']","{'lot_size': 0, 'duration_sec': 0, 'profit': 0, 'reverse_profit': 0, 'net_profit': 0, 'commission': 0, 'swap': 0, 'amount': 0, 'open_price': 0, 'close_price': 0, 'sl_price': 0, 'tp_price': 0, 'open_trade_cross_price': 0, 'close_trade_cross_price': 0}","{'open_date_time': 0, 'close_date_time': 0}",0,0,0,
Campaign 35 Data 06 Mar 2026 XAUUSD only (1D).csv,35,2026-03-06,1030,1030,0,[],"['accountId', 'instrument', 'lotSize', 'closeTradeId', 'positionId', 'closeOrderId', 'openOrderId', 'durationSec', 'openDateTime', 'closeDateTime', 'profit', 'reverseProfit', 'netProfit', 'commission', 'swap', 'amount', 'openPrice', 'closePrice', 'slPrice', 'tpPrice', 'side', 'currency', 'openTradeCrossPrice', 'closeTradeCrossPrice', 'userGroupId']","{'lot_size': 0, 'duration_sec': 0, 'profit': 0, 'reverse_profit': 0, 'net_profit': 0, 'commission': 0, 'swap': 0, 'amount': 0, 'open_price': 0, 'close_price': 0, 'sl_price': 0, 'tp_price': 0, 'open_trade_cross_price': 0, 'close_trade_cross_price': 0}","{'open_date_time': 0, 'close_date_time': 0}",0,0,0,
Campaign 36 Data 09 Mar 2026 XAUUSD only (1D).csv,36,2026-03-09,1457,1457,0,[],"['accountId', 'instrument', 'lotSize', 'closeTradeId', 'positionId', 'closeOrderId', 'openOrderId', 'durationSec', 'openDateTime', 'closeDateTime', 'profit', 'reverseProfit', 'netProfit', 'commission', 'swap', 'amount', 'openPrice', 'closePrice', 'slPrice', 'tpPrice', 'side', 'currency', 'openTradeCrossPrice', 'closeTradeCrossPrice', 'userGroupId']","{'lot_size': 0, 'duration_sec': 0, 'profit': 0, 'reverse_profit': 0, 'net_profit': 0, 'commission': 0, 'swap': 0, 'amount': 0, 'open_price': 0, 'close_price': 0, 'sl_price': 0, 'tp_price': 0, 'open_trade_cross_price': 0, 'close_trade_cross_price': 0}","{'open_date_time': 0, 'close_date_time': 0}",0,0,0,
Campaign 37 Data 13 Mar 2026 XAUUSD only (1D).csv,37,2026-03-13,1432,1432,0,[],"['accountId', 'instrument', 'lotSize', 'closeTradeId', 'positionId', 'closeOrderId', 'openOrderId', 'durationSec', 'openDateTime', 'closeDateTime', 'profit', 'reverseProfit', 'netProfit', 'commission', 'swap', 'amount', 'openPrice', 'closePrice', 'slPrice', 'tpPrice', 'side', 'currency', 'openTradeCrossPrice', 'closeTradeCrossPrice', 'userGroupId']","{'lot_size': 0, 'duration_sec': 0, 'profit': 0, 'reverse_profit': 0, 'net_profit': 0, 'commission': 0, 'swap': 0, 'amount': 0, 'open_price': 0, 'close_price': 0, 'sl_price': 0, 'tp_price': 0, 'open_trade_cross_price': 0, 'close_trade_cross_price': 0}","{'open_date_time': 0, 'close_date_time': 0}",0,0,0,
Campaign 38 Data 17 Mar 2026 XAUUSD only (1D).csv,38,2026-03-17,1271,1271,0,[],"['accountId', 'instrument', 'lotSize', 'closeTradeId', 'positionId', 'closeOrderId', 'openOrderId', 'durationSec', 'openDateTime', 'closeDateTime', 'profit', 'reverseProfit', 'netProfit', 'commission', 'swap', 'amount', 'openPrice', 'closePrice', 'slPrice', 'tpPrice', 'side', 'currency', 'openTradeCrossPrice', 'closeTradeCrossPrice', 'userGroupId']","{'lot_size': 0, 'duration_sec': 0, 'profit': 0, 'reverse_profit': 0, 'net_profit': 0, 'commission': 0, 'swap': 0, 'amount': 0, 'open_price': 0, 'close_price': 0, 'sl_price': 0, 'tp_price': 0, 'open_trade_cross_price': 0, 'close_trade_cross_price': 0}","{'open_date_time': 0, 'close_date_time': 0}",0,0,0,
Campaign 39 Data 20 Mar 2026 XAUUSD only (1D).csv,39,2026-03-20,1180,1180,0,[],"['accountId', 'instrument', 'lotSize', 'closeTradeId', 'positionId', 'closeOrderId', 'openOrderId', 'durationSec', 'openDateTime', 'closeDateTime', 'profit', 'reverseProfit', 'netProfit', 'commission', 'swap', 'amount', 'openPrice', 'closePrice', 'slPrice', 'tpPrice', 'side', 'currency', 'openTradeCrossPrice', 'closeTradeCrossPrice', 'userGroupId']","{'lot_size': 0, 'duration_sec': 0, 'profit': 0, 'reverse_profit': 0, 'net_profit': 0, 'commission': 0, 'swap': 0, 'amount': 0, 'open_price': 0, 'close_price': 0, 'sl_price': 0, 'tp_price': 0, 'open_trade_cross_price': 0, 'close_trade_cross_price': 0}","{'open_date_time': 0, 'close_date_time': 0}",0,0,0,
Campaign 40 Data 24 Mar 2026 XAUUSD only (1D).csv,40,2026-03-24,1432,1432,0,[],"['accountId', 'instrument', 'lotSize', 'closeTradeId', 'positionId', 'closeOrderId', 'openOrderId', 'durationSec', 'openDateTime', 'closeDateTime', 'profit', 'reverseProfit', 'netProfit', 'commission', 'swap', 'amount', 'openPrice', 'closePrice', 'slPrice', 'tpPrice', 'side', 'currency', 'openTradeCrossPrice', 'closeTradeCrossPrice', 'userGroupId']","{'lot_size': 0, 'duration_sec': 0, 'profit': 0, 'reverse_profit': 0, 'net_profit': 0, 'commission': 0, 'swap': 0, 'amount': 0, 'open_price': 0, 'close_price': 0, 'sl_price': 0, 'tp_price': 0, 'open_trade_cross_price': 0, 'close_trade_cross_price': 0}","{'open_date_time': 0, 'close_date_time': 0}",0,0,0,
Campaign 41 Data 27 Mar 2026 XAUUSD only (1D).csv,41,2026-03-27,1227,1227,0,[],"['accountId', 'instrument', 'lotSize', 'closeTradeId', 'positionId', 'closeOrderId', 'openOrderId', 'durationSec', 'openDateTime', 'closeDateTime', 'profit', 'reverseProfit', 'netProfit', 'commission', 'swap', 'amount', 'openPrice', 'closePrice', 'slPrice', 'tpPrice', 'side', 'currency', 'openTradeCrossPrice', 'closeTradeCrossPrice', 'userGroupId']","{'lot_size': 0, 'duration_sec': 0, 'profit': 0, 'reverse_profit': 0, 'net_profit': 0, 'commission': 0, 'swap': 0, 'amount': 0, 'open_price': 0, 'close_price': 0, 'sl_price': 0, 'tp_price': 0, 'open_trade_cross_price': 0, 'close_trade_cross_price': 0}","{'open_date_time': 0, 'close_date_time': 0}",0,0,0,
Campaign 42 Data 31 Mar 2026 XAUUSD only (1D).csv,42,2026-03-31,1674,1674,0,[],"['accountId', 'instrument', 'lotSize', 'closeTradeId', 'positionId', 'closeOrderId', 'openOrderId', 'durationSec', 'openDateTime', 'closeDateTime', 'profit', 'reverseProfit', 'netProfit', 'commission', 'swap', 'amount', 'openPrice', 'closePrice', 'slPrice', 'tpPrice', 'side', 'currency', 'openTradeCrossPrice', 'closeTradeCrossPrice', 'userGroupId']","{'lot_size': 0, 'duration_sec': 0, 'profit': 0, 'reverse_profit': 0, 'net_profit': 0, 'commission': 0, 'swap': 0, 'amount': 0, 'open_price': 0, 'close_price': 0, 'sl_price': 0, 'tp_price': 0, 'open_trade_cross_price': 0, 'close_trade_cross_price': 0}","{'open_date_time': 0, 'close_date_time': 0}",0,0,0,
Campaign 43 Data 6 Apr 2026 XAUUSD only (1D).csv,43,2026-04-06,1404,1404,0,[],"['accountId', 'instrument', 'lotSize', 'closeTradeId', 'positionId', 'closeOrderId', 'openOrderId', 'durationSec', 'openDateTime', 'closeDateTime', 'profit', 'reverseProfit', 'netProfit', 'commission', 'swap', 'amount', 'openPrice', 'closePrice', 'slPrice', 'tpPrice', 'side', 'currency', 'openTradeCrossPrice', 'closeTradeCrossPrice', 'userGroupId']","{'lot_size': 0, 'duration_sec': 0, 'profit': 0, 'reverse_profit': 0, 'net_profit': 0, 'commission': 0, 'swap': 0, 'amount': 0, 'open_price': 0, 'close_price': 0, 'sl_price': 0, 'tp_price': 0, 'open_trade_cross_price': 0, 'close_trade_cross_price': 0}","{'open_date_time': 0, 'close_date_time': 0}",0,0,0,
Campaign 44 Data 10 Apr 2026 XAUUSD only (1D).csv,44,2026-04-10,1577,1577,0,[],"['accountId', 'instrument', 'lotSize', 'closeTradeId', 'positionId', 'closeOrderId', 'openOrderId', 'durationSec', 'openDateTime', 'closeDateTime', 'profit', 'reverseProfit', 'netProfit', 'commission', 'swap', 'amount', 'openPrice', 'closePrice', 'slPrice', 'tpPrice', 'side', 'currency', 'openTradeCrossPrice', 'closeTradeCrossPrice', 'userGroupId']","{'lot_size': 0, 'duration_sec': 0, 'profit': 0, 'reverse_profit': 0, 'net_profit': 0, 'commission': 0, 'swap': 0, 'amount': 0, 'open_price': 0, 'close_price': 0, 'sl_price': 0, 'tp_price': 0, 'open_trade_cross_price': 0, 'close_trade_cross_price': 0}","{'open_date_time': 0, 'close_date_time': 0}",0,0,0,
Campaign 45 Data 14 Apr 2026 XAUUSD only (1D).csv,45,2026-04-14,1255,1255,0,[],"['accountId', 'instrument', 'lotSize', 'closeTradeId', 'positionId', 'closeOrderId', 'openOrderId', 'durationSec', 'openDateTime', 'closeDateTime', 'profit', 'reverseProfit', 'netProfit', 'commission', 'swap', 'amount', 'openPrice', 'closePrice', 'slPrice', 'tpPrice', 'side', 'currency', 'openTradeCrossPrice', 'closeTradeCrossPrice', 'userGroupId']","{'lot_size': 0, 'duration_sec': 0, 'profit': 0, 'reverse_profit': 0, 'net_profit': 0, 'commission': 0, 'swap': 0, 'amount': 0, 'open_price': 0, 'close_price': 0, 'sl_price': 0, 'tp_price': 0, 'open_trade_cross_price': 0, 'close_trade_cross_price': 0}","{'open_date_time': 0, 'close_date_time': 0}",0,0,0,
Campaign 46 Data 17 Apr 2026 XAUUSD only (1D).csv,46,2026-04-17,1390,1390,0,[],"['accountId', 'instrument', 'lotSize', 'closeTradeId', 'positionId', 'closeOrderId', 'openOrderId', 'durationSec', 'openDateTime', 'closeDateTime', 'profit', 'reverseProfit', 'netProfit', 'commission', 'swap', 'amount', 'openPrice', 'closePrice', 'slPrice', 'tpPrice', 'side', 'currency', 'openTradeCrossPrice', 'closeTradeCrossPrice', 'userGroupId']","{'lot_size': 0, 'duration_sec': 0, 'profit': 0, 'reverse_profit': 0, 'net_profit': 0, 'commission': 0, 'swap': 0, 'amount': 0, 'open_price': 0, 'close_price': 0, 'sl_price': 0, 'tp_price': 0, 'open_trade_cross_price': 0, 'close_trade_cross_price': 0}","{'open_date_time': 0, 'close_date_time': 0}",0,0,0,
Campaign 47 Data 24 Apr 2026 XAUUSD only (1D).csv,47,2026-04-24,986,986,0,[],"['accountId', 'instrument', 'lotSize', 'closeTradeId', 'positionId', 'closeOrderId', 'openOrderId', 'durationSec', 'openDateTime', 'closeDateTime', 'profit', 'reverseProfit', 'netProfit', 'commission', 'swap', 'amount', 'openPrice', 'closePrice', 'slPrice', 'tpPrice', 'side', 'currency', 'openTradeCrossPrice', 'closeTradeCrossPrice', 'userGroupId']","{'lot_size': 0, 'duration_sec': 0, 'profit': 0, 'reverse_profit': 0, 'net_profit': 0, 'commission': 0, 'swap': 0, 'amount': 0, 'open_price': 0, 'close_price': 0, 'sl_price': 0, 'tp_price': 0, 'open_trade_cross_price': 0, 'close_trade_cross_price': 0}","{'open_date_time': 0, 'close_date_time': 0}",0,0,0,
Campaign 48 Data 28 Apr 2026 XAUUSD only (1D).csv,48,2026-04-28,1469,1469,0,[],"['accountId', 'instrument', 'lotSize', 'closeTradeId', 'positionId', 'closeOrderId', 'openOrderId', 'durationSec', 'openDateTime', 'closeDateTime', 'profit', 'reverseProfit', 'netProfit', 'commission', 'swap', 'amount', 'openPrice', 'closePrice', 'slPrice', 'tpPrice', 'side', 'currency', 'openTradeCrossPrice', 'closeTradeCrossPrice', 'userGroupId']","{'lot_size': 0, 'duration_sec': 0, 'profit': 0, 'reverse_profit': 0, 'net_profit': 0, 'commission': 0, 'swap': 0, 'amount': 0, 'open_price': 0, 'close_price': 0, 'sl_price': 0, 'tp_price': 0, 'open_trade_cross_price': 0, 'close_trade_cross_price': 0}","{'open_date_time': 0, 'close_date_time': 0}",0,0,0,
Campaign 49 Data 01 May 2026 XAUUSD only (1D).csv,49,2026-05-01,1367,1367,0,[],"['accountId', 'instrument', 'lotSize', 'closeTradeId', 'positionId', 'closeOrderId', 'openOrderId', 'durationSec', 'openDateTime', 'closeDateTime', 'profit', 'reverseProfit', 'netProfit', 'commission', 'swap', 'amount', 'openPrice', 'closePrice', 'slPrice', 'tpPrice', 'side', 'currency', 'openTradeCrossPrice', 'closeTradeCrossPrice', 'userGroupId']","{'lot_size': 0, 'duration_sec': 0, 'profit': 0, 'reverse_profit': 0, 'net_profit': 0, 'commission': 0, 'swap': 0, 'amount': 0, 'open_price': 0, 'close_price': 0, 'sl_price': 0, 'tp_price': 0, 'open_trade_cross_price': 0, 'close_trade_cross_price': 0}","{'open_date_time': 0, 'close_date_time': 0}",0,0,0,
Campaign 50 Data 07 May 2026 XAUUSD only (1D).csv,50,2026-05-07,1171,1171,0,[],"['accountId', 'instrument', 'lotSize', 'closeTradeId', 'positionId', 'closeOrderId', 'openOrderId', 'durationSec', 'openDateTime', 'closeDateTime', 'profit', 'reverseProfit', 'netProfit', 'commission', 'swap', 'amount', 'openPrice', 'closePrice', 'slPrice', 'tpPrice', 'side', 'currency', 'openTradeCrossPrice', 'closeTradeCrossPrice', 'userGroupId']","{'lot_size': 0, 'duration_sec': 0, 'profit': 0, 'reverse_profit': 0, 'net_profit': 0, 'commission': 0, 'swap': 0, 'amount': 0, 'open_price': 0, 'close_price': 0, 'sl_price': 0, 'tp_price': 0, 'open_trade_cross_price': 0, 'close_trade_cross_price': 0}","{'open_date_time': 0, 'close_date_time': 0}",0,0,0,
Campaign 51 Data 12 May 2026 XAUUSD only (1D).csv,51,2026-05-12,1165,1165,0,[],"['accountId', 'instrument', 'lotSize', 'closeTradeId', 'positionId', 'closeOrderId', 'openOrderId', 'durationSec', 'openDateTime', 'closeDateTime', 'profit', 'reverseProfit', 'netProfit', 'commission', 'swap', 'amount', 'openPrice', 'closePrice', 'slPrice', 'tpPrice', 'side', 'currency', 'openTradeCrossPrice', 'closeTradeCrossPrice', 'userGroupId']","{'lot_size': 0, 'duration_sec': 0, 'profit': 0, 'reverse_profit': 0, 'net_profit': 0, 'commission': 0, 'swap': 0, 'amount': 0, 'open_price': 0, 'close_price': 0, 'sl_price': 0, 'tp_price': 0, 'open_trade_cross_price': 0, 'close_trade_cross_price': 0}","{'open_date_time': 0, 'close_date_time': 0}",0,0,0,
Campaign 52 Data 15 May 2026 XAUUSD only (1D).csv,52,2026-05-15,987,987,0,[],"['accountId', 'instrument', 'lotSize', 'closeTradeId', 'positionId', 'closeOrderId', 'openOrderId', 'durationSec', 'openDateTime', 'closeDateTime', 'profit', 'reverseProfit', 'netProfit', 'commission', 'swap', 'amount', 'openPrice', 'closePrice', 'slPrice', 'tpPrice', 'side', 'currency', 'openTradeCrossPrice', 'closeTradeCrossPrice', 'userGroupId']","{'lot_size': 0, 'duration_sec': 0, 'profit': 0, 'reverse_profit': 0, 'net_profit': 0, 'commission': 0, 'swap': 0, 'amount': 0, 'open_price': 0, 'close_price': 0, 'sl_price': 0, 'tp_price': 0, 'open_trade_cross_price': 0, 'close_trade_cross_price': 0}","{'open_date_time': 0, 'close_date_time': 0}",0,0,0,
Campaign 53 Data 19 May 2026 XAUUSD only (1D).csv,53,2026-05-19,1063,1063,0,[],"['accountId', 'instrument', 'lotSize', 'closeTradeId', 'positionId', 'closeOrderId', 'openOrderId', 'durationSec', 'openDateTime', 'closeDateTime', 'profit', 'reverseProfit', 'netProfit', 'commission', 'swap', 'amount', 'openPrice', 'closePrice', 'slPrice', 'tpPrice', 'side', 'currency', 'openTradeCrossPrice', 'closeTradeCrossPrice', 'userGroupId']","{'lot_size': 0, 'duration_sec': 0, 'profit': 0, 'reverse_profit': 0, 'net_profit': 0, 'commission': 0, 'swap': 0, 'amount': 0, 'open_price': 0, 'close_price': 0, 'sl_price': 0, 'tp_price': 0, 'open_trade_cross_price': 0, 'close_trade_cross_price': 0}","{'open_date_time': 0, 'close_date_time': 0}",0,0,0,
Campaign 54 Data 22 May 2026 XAUUSD only (1D).csv,54,2026-05-22,1511,1511,0,[],"['accountId', 'instrument', 'lotSize', 'closeTradeId', 'positionId', 'closeOrderId', 'openOrderId', 'durationSec', 'openDateTime', 'closeDateTime', 'profit', 'reverseProfit', 'netProfit', 'commission', 'swap', 'amount', 'openPrice', 'closePrice', 'slPrice', 'tpPrice', 'side', 'currency', 'openTradeCrossPrice', 'closeTradeCrossPrice', 'userGroupId']","{'lot_size': 0, 'duration_sec': 0, 'profit': 0, 'reverse_profit': 0, 'net_profit': 0, 'commission': 0, 'swap': 0, 'amount': 0, 'open_price': 0, 'close_price': 0, 'sl_price': 0, 'tp_price': 0, 'open_trade_cross_price': 0, 'close_trade_cross_price': 0}","{'open_date_time': 0, 'close_date_time': 0}",0,0,0,
Campaign 55 Data 26 May 2026 XAUUSD only (1D).csv,55,2026-05-26,1222,1222,0,[],"['accountId', 'instrument', 'lotSize', 'closeTradeId', 'positionId', 'closeOrderId', 'openOrderId', 'durationSec', 'openDateTime', 'closeDateTime', 'profit', 'reverseProfit', 'netProfit', 'commission', 'swap', 'amount', 'openPrice', 'closePrice', 'slPrice', 'tpPrice', 'side', 'currency', 'openTradeCrossPrice', 'closeTradeCrossPrice', 'userGroupId']","{'lot_size': 0, 'duration_sec': 0, 'profit': 0, 'reverse_profit': 0, 'net_profit': 0, 'commission': 0, 'swap': 0, 'amount': 0, 'open_price': 0, 'close_price': 0, 'sl_price': 0, 'tp_price': 0, 'open_trade_cross_price': 0, 'close_trade_cross_price': 0}","{'open_date_time': 0, 'close_date_time': 0}",0,0,0,
Campaign 56 Data 29 May 2026 XAUUSD only (1D).csv,56,2026-05-29,1732,1732,0,[],"['accountId', 'instrument', 'lotSize', 'closeTradeId', 'positionId', 'closeOrderId', 'openOrderId', 'durationSec', 'openDateTime', 'closeDateTime', 'profit', 'reverseProfit', 'netProfit', 'commission', 'swap', 'amount', 'openPrice', 'closePrice', 'slPrice', 'tpPrice', 'side', 'currency', 'openTradeCrossPrice', 'closeTradeCrossPrice', 'userGroupId']","{'lot_size': 0, 'duration_sec': 0, 'profit': 0, 'reverse_profit': 0, 'net_profit': 0, 'commission': 0, 'swap': 0, 'amount': 0, 'open_price': 0, 'close_price': 0, 'sl_price': 0, 'tp_price': 0, 'open_trade_cross_price': 0, 'close_trade_cross_price': 0}","{'open_date_time': 0, 'close_date_time': 0}",0,0,0,
Campaign 57 Data 02 June 2026 XAUUSD only (1D).csv,57,2026-06-02,1256,1256,0,[],"['accountId', 'instrument', 'lotSize', 'closeTradeId', 'positionId', 'closeOrderId', 'openOrderId', 'durationSec', 'openDateTime', 'closeDateTime', 'profit', 'reverseProfit', 'netProfit', 'commission', 'swap', 'amount', 'openPrice', 'closePrice', 'slPrice', 'tpPrice', 'side', 'currency', 'openTradeCrossPrice', 'closeTradeCrossPrice', 'userGroupId']","{'lot_size': 0, 'duration_sec': 0, 'profit': 0, 'reverse_profit': 0, 'net_profit': 0, 'commission': 0, 'swap': 0, 'amount': 0, 'open_price': 0, 'close_price': 0, 'sl_price': 0, 'tp_price': 0, 'open_trade_cross_price': 0, 'close_trade_cross_price': 0}","{'open_date_time': 0, 'close_date_time': 0}",0,0,0,
Campaign 58 Data 05 June 2026 XAUUSD only (1D).csv,58,2026-06-05,1263,1263,0,[],"['accountId', 'instrument', 'lotSize', 'closeTradeId', 'positionId', 'closeOrderId', 'openOrderId', 'durationSec', 'openDateTime', 'closeDateTime', 'profit', 'reverseProfit', 'netProfit', 'commission', 'swap', 'amount', 'openPrice', 'closePrice', 'slPrice', 'tpPrice', 'side', 'currency', 'openTradeCrossPrice', 'closeTradeCrossPrice', 'userGroupId']","{'lot_size': 0, 'duration_sec': 0, 'profit': 0, 'reverse_profit': 0, 'net_profit': 0, 'commission': 0, 'swap': 0, 'amount': 0, 'open_price': 0, 'close_price': 0, 'sl_price': 0, 'tp_price': 0, 'open_trade_cross_price': 0, 'close_trade_cross_price': 0}","{'open_date_time': 0, 'close_date_time': 0}",0,0,0,
Campaign 59 Data 09 June 2026 XAUUSD only (1D).csv,59,2026-06-09,1490,1490,0,[],"['accountId', 'instrument', 'lotSize', 'closeTradeId', 'positionId', 'closeOrderId', 'openOrderId', 'durationSec', 'openDateTime', 'closeDateTime', 'profit', 'reverseProfit', 'netProfit', 'commission', 'swap', 'amount', 'openPrice', 'closePrice', 'slPrice', 'tpPrice', 'side', 'currency', 'openTradeCrossPrice', 'closeTradeCrossPrice', 'userGroupId']","{'lot_size': 0, 'duration_sec': 0, 'profit': 0, 'reverse_profit': 0, 'net_profit': 0, 'commission': 0, 'swap': 0, 'amount': 0, 'open_price': 0, 'close_price': 0, 'sl_price': 0, 'tp_price': 0, 'open_trade_cross_price': 0, 'close_trade_cross_price': 0}","{'open_date_time': 0, 'close_date_time': 0}",0,0,0,
Campaign 60 Data 12 June 2026 XAUUSD only (1D).csv,60,2026-06-12,1575,1575,0,[],"['accountId', 'instrument', 'lotSize', 'closeTradeId', 'positionId', 'closeOrderId', 'openOrderId', 'durationSec', 'openDateTime', 'closeDateTime', 'profit', 'reverseProfit', 'netProfit', 'commission', 'swap', 'amount', 'openPrice', 'closePrice', 'slPrice', 'tpPrice', 'side', 'currency', 'openTradeCrossPrice', 'closeTradeCrossPrice', 'userGroupId']","{'lot_size': 0, 'duration_sec': 0, 'profit': 0, 'reverse_profit': 0, 'net_profit': 0, 'commission': 0, 'swap': 0, 'amount': 0, 'open_price': 0, 'close_price': 0, 'sl_price': 0, 'tp_price': 0, 'open_trade_cross_price': 0, 'close_trade_cross_price': 0}","{'open_date_time': 0, 'close_date_time': 0}",0,0,0,
Campaign 61 Data 16 June 2026 XAUUSD only (1D).csv,61,2026-06-16,1573,1573,0,[],"['accountId', 'instrument', 'lotSize', 'closeTradeId', 'positionId', 'closeOrderId', 'openOrderId', 'durationSec', 'openDateTime', 'closeDateTime', 'profit', 'reverseProfit', 'netProfit', 'commission', 'swap', 'amount', 'openPrice', 'closePrice', 'slPrice', 'tpPrice', 'side', 'currency', 'openTradeCrossPrice', 'closeTradeCrossPrice', 'userGroupId']","{'lot_size': 0, 'duration_sec': 0, 'profit': 0, 'reverse_profit': 0, 'net_profit': 0, 'commission': 0, 'swap': 0, 'amount': 0, 'open_price': 0, 'close_price': 0, 'sl_price': 0, 'tp_price': 0, 'open_trade_cross_price': 0, 'close_trade_cross_price': 0}","{'open_date_time': 0, 'close_date_time': 0}",0,0,0,
Campaign 62 Data 19 June 2026 XAUUSD only (1D).csv,62,2026-06-19,1602,1602,0,[],"['accountId', 'instrument', 'lotSize', 'closeTradeId', 'positionId', 'closeOrderId', 'openOrderId', 'durationSec', 'openDateTime', 'closeDateTime', 'profit', 'reverseProfit', 'netProfit', 'commission', 'swap', 'amount', 'openPrice', 'closePrice', 'slPrice', 'tpPrice', 'side', 'currency', 'openTradeCrossPrice', 'closeTradeCrossPrice', 'userGroupId']","{'lot_size': 0, 'duration_sec': 0, 'profit': 0, 'reverse_profit': 0, 'net_profit': 0, 'commission': 0, 'swap': 0, 'amount': 0, 'open_price': 0, 'close_price': 0, 'sl_price': 0, 'tp_price': 0, 'open_trade_cross_price': 0, 'close_trade_cross_price': 0}","{'open_date_time': 0, 'close_date_time': 0}",0,0,0,
Campaign 63 Data 23 June 2026 XAUUSD only (1D).csv,63,2026-06-23,1715,1715,0,[],"['accountId', 'instrument', 'lotSize', 'closeTradeId', 'positionId', 'closeOrderId', 'openOrderId', 'durationSec', 'openDateTime', 'closeDateTime', 'profit', 'reverseProfit', 'netProfit', 'commission', 'swap', 'amount', 'openPrice', 'closePrice', 'slPrice', 'tpPrice', 'side', 'currency', 'openTradeCrossPrice', 'closeTradeCrossPrice', 'userGroupId']","{'lot_size': 0, 'duration_sec': 0, 'profit': 0, 'reverse_profit': 0, 'net_profit': 0, 'commission': 0, 'swap': 0, 'amount': 0, 'open_price': 0, 'close_price': 0, 'sl_price': 0, 'tp_price': 0, 'open_trade_cross_price': 0, 'close_trade_cross_price': 0}","{'open_date_time': 0, 'close_date_time': 0}",0,0,0,
Campaign 64 Data 26 June 2026 XAUUSD only (1D).csv,64,2026-06-26,1696,1696,0,[],"['accountId', 'instrument', 'lotSize', 'closeTradeId', 'positionId', 'closeOrderId', 'openOrderId', 'durationSec', 'openDateTime', 'closeDateTime', 'profit', 'reverseProfit', 'netProfit', 'commission', 'swap', 'amount', 'openPrice', 'closePrice', 'slPrice', 'tpPrice', 'side', 'currency', 'openTradeCrossPrice', 'closeTradeCrossPrice', 'userGroupId']","{'lot_size': 0, 'duration_sec': 0, 'profit': 0, 'reverse_profit': 0, 'net_profit': 0, 'commission': 0, 'swap': 0, 'amount': 0, 'open_price': 0, 'close_price': 0, 'sl_price': 0, 'tp_price': 0, 'open_trade_cross_price': 0, 'close_trade_cross_price': 0}","{'open_date_time': 0, 'close_date_time': 0}",0,0,0,
Campaign 65 Data 30 June 2026 XAUUSD only (1D).csv,65,2026-06-30,1746,1746,0,[],"['accountId', 'instrument', 'lotSize', 'closeTradeId', 'positionId', 'closeOrderId', 'openOrderId', 'durationSec', 'openDateTime', 'closeDateTime', 'profit', 'reverseProfit', 'netProfit', 'commission', 'swap', 'amount', 'openPrice', 'closePrice', 'slPrice', 'tpPrice', 'side', 'currency', 'openTradeCrossPrice', 'closeTradeCrossPrice', 'userGroupId']","{'lot_size': 0, 'duration_sec': 0, 'profit': 0, 'reverse_profit': 0, 'net_profit': 0, 'commission': 0, 'swap': 0, 'amount': 0, 'open_price': 0, 'close_price': 0, 'sl_price': 0, 'tp_price': 0, 'open_trade_cross_price': 0, 'close_trade_cross_price': 0}","{'open_date_time': 0, 'close_date_time': 0}",0,0,0,
Campaign 66 Data 03 July 2026 XAUUSD only (1D).csv,66,2026-07-03,1911,1911,0,[],"['accountId', 'instrument', 'lotSize', 'closeTradeId', 'positionId', 'closeOrderId', 'openOrderId', 'durationSec', 'openDateTime', 'closeDateTime', 'profit', 'reverseProfit', 'netProfit', 'commission', 'swap', 'amount', 'openPrice', 'closePrice', 'slPrice', 'tpPrice', 'side', 'currency', 'openTradeCrossPrice', 'closeTradeCrossPrice', 'userGroupId']","{'lot_size': 0, 'duration_sec': 0, 'profit': 0, 'reverse_profit': 0, 'net_profit': 0, 'commission': 0, 'swap': 0, 'amount': 0, 'open_price': 0, 'close_price': 0, 'sl_price': 0, 'tp_price': 0, 'open_trade_cross_price': 0, 'close_trade_cross_price': 0}","{'open_date_time': 0, 'close_date_time': 0}",0,0,0,
