bootstrap_id,n_faded,coverage,mean_reverse_profit_per_lot,total_reverse_profit_per_total_lot
0,2338,0.1080306810830792,31.842357117617123,18.258865084495334
1,2326,0.10969111058712568,37.59114859963165,14.641775010414154
2,2187,0.10405861921301804,26.949913691824026,14.309246344206974
3,2353,0.11256757403243553,20.826202210441814,13.224897082512976
4,2360,0.11076692011639913,8.306839582263308,5.467963854327492
5,2413,0.10962202435035436,29.435471582798563,14.953037676108714
6,2241,0.10667364813404417,14.618306340134003,-0.4372604800978053
7,2316,0.10584525387322334,5.937753891060409,-11.664723834874595
8,2337,0.10807935994080377,19.88731890214898,-3.236476487089437
9,2158,0.1012670107930549,26.949086445154926,1.3399933479045947
10,2269,0.10678652108433735,20.982510264201718,5.555034651447209
11,2356,0.10903873744619799,33.55106310626596,13.765111767558752
12,2231,0.10730088495575221,28.240437377621557,0.5009773934641127
13,2328,0.10944478397818626,21.60978123155958,-2.9028877760374123
14,2284,0.10669905633934411,1.1607715788170214,0.23409909909909923
15,2339,0.113159167876149,-18.93105417942618,-5.40434820956077
16,2337,0.11413919413919414,26.886836702497806,-5.36717753715597
17,2312,0.10749488562395387,34.11927798748733,9.566312519695675
18,2292,0.10450483312055445,-18.890940543489453,-30.146647923875435
19,2442,0.1112123144184352,-7.1264817449027955,0.3847893753890878
20,2313,0.10755138100995071,-2.4355218280605673,1.7720156987255815
21,2339,0.10918172058068432,-18.17840584918058,-11.979898607513668
22,2349,0.10517125587642713,12.290259340961766,0.9173398251632146
23,2197,0.1037740305134382,39.2549486673747,7.1116259378601505
24,2383,0.10922674978227988,33.45314618901429,16.330114562818967
25,2402,0.10988106129917657,27.378110833564627,6.082920569164265
26,2230,0.10867976022223305,18.908716597173054,-10.46094430992736
27,2277,0.10957651588065448,-45.455378881854166,-31.82972670250896
28,2256,0.10793225528657545,24.67270410808345,-1.8871165360519675
29,2492,0.11465905953805099,26.416563412276012,6.844044114598452
30,2273,0.10774043702896147,-11.397792311706223,-15.182682590721177
31,2293,0.10508226020805646,12.206479373578325,10.20719252498913
32,2213,0.10073285083526788,5.875468937718323,-0.08751492700996888
33,2352,0.11008143779837125,25.20017248659166,6.349212010432223
34,2377,0.11057356840489371,30.203069353500013,16.995681005147894
35,2227,0.10500754432289702,-32.1666574759005,-7.63463226259435
36,2443,0.10878083533707365,25.877004593623504,6.0360798791743555
37,2224,0.10418325760059961,28.13204328881393,13.7526044728735
38,2393,0.11199513268123742,22.96801683005523,5.703009288985912
39,2345,0.10827407886231416,10.640356068824254,-3.8175584188687477
40,2304,0.10627796485077726,36.709369139125165,7.936724764145556
41,2358,0.1084387215451828,3.7535168884505983,-2.469859638315657
42,2239,0.106058452939226,-7.05419085901444,-1.1464010043708726
43,2207,0.10318870394613802,35.61762253252965,8.508021263467656
44,2418,0.11231884057971014,14.34682474037313,3.402190856483952
45,2394,0.10936001096340962,38.73626263958674,23.087099148354532
46,2390,0.109222191755781,-13.673007480664381,-21.177912279953965
47,2273,0.10647367434888515,19.735567287481057,23.359715479281927
48,2265,0.10710232646113108,29.000241382102658,-0.6918354956940151
49,2421,0.11390261115031758,-18.241130845839642,-4.608488278092156
50,2395,0.10755343991377762,19.148116080040047,25.840479139086987
51,2266,0.10547875064004096,12.418830357741957,5.738590057049713
52,2292,0.10940334128878282,19.638022899148552,3.106305984318806
53,2273,0.10932089265101962,46.474800801681575,9.75157290895633
54,2256,0.11401425178147269,4.071707887007441,-4.733831661823977
55,2218,0.10735201587532066,4.6497294860234435,-0.2151751965308493
56,2251,0.10477077030486386,-23.96645132141636,-12.209171303886027
57,2225,0.10622553232120692,-15.522513437150929,-0.11019360858409091
58,2178,0.10517674328761831,9.654657687991023,15.658425211754132
59,2117,0.09962352941176471,25.16822022778565,6.903025301111604
60,2254,0.10775408738885171,5.237083627570716,1.079290754959831
61,2356,0.11334006831192572,9.769384850199794,-6.811955574912892
62,2287,0.10770969716950031,7.930133382242557,5.314656895403064
63,2400,0.11359333585762968,39.61141666666666,14.711463066916153
64,2320,0.1100256094090866,32.673140731269136,13.536967785537287
65,2316,0.10766584538143276,21.155374511408052,3.370034052213392
66,2273,0.10722203877541393,-11.85718824852129,0.6238330205944387
67,2152,0.10731561362389667,11.468468558605025,7.866456834532372
68,2284,0.10951285001917914,12.091629796909086,-1.3781774086530763
69,2329,0.1081645922348133,54.5718858833071,37.6945204518347
70,2297,0.10649543326069823,33.01233976684564,7.99471056970141
71,2246,0.10964120087869172,35.893321460374,10.804808891913352
72,2271,0.10698134539287733,-2.5223703347877744,-15.387715010165158
73,2390,0.1104130093319782,47.27934909544687,11.391507752628765
74,2328,0.1056644880174292,19.569066090457845,11.729416908279257
75,2311,0.11036821242657242,-4.912620085939907,-5.588802264710506
76,2273,0.1084964200477327,1.3089972595101445,-8.992071869209298
77,2382,0.11122005883176915,24.31032571505858,6.006371413295313
78,2172,0.10411773165236565,30.124447513812157,15.613885161381454
79,2377,0.10805527775252295,-13.672975173876353,-13.463802618764204
80,2233,0.10450694996957925,19.149278106446893,11.048154433602038
81,2271,0.1091249819806833,50.932415583211665,15.007015306122451
82,2315,0.1075094041703432,4.171873216649845,-1.092637054821929
83,2234,0.10806888544891641,-36.02714929057812,-10.553582707558425
84,2273,0.10689428141459745,25.402193795224107,21.34380768216577
85,2166,0.10200621644532354,19.417036011080334,3.9684854072151166
86,2318,0.1109621828626137,9.32911410549801,3.8783808028706
87,2373,0.10867374977102033,29.321324182898472,21.812386929622765
88,2365,0.10906659287954253,38.41457407051488,18.62854975795837
89,2331,0.10747383466273226,-1.072804406137738,-4.673819076541128
90,2228,0.10683289379045792,-0.30596947935368074,-5.412010290666187
91,2180,0.09973921398179073,12.27369196552683,-0.42002106965234975
92,2406,0.11686986933501724,-7.738063511255532,-5.425460056289238
93,2439,0.11208124626625615,-11.849938499384995,-14.992013477257123
94,2334,0.10850262656315374,-13.503666917677197,-19.625063554170257
95,2356,0.10755044280105908,-1.5271033767213726,6.399870555939916
96,2248,0.10622312526579407,0.3938453177589732,-0.8694932781799383
97,2306,0.10591585522689693,13.252660442928393,1.6150366664382148
98,2303,0.10870899221147037,19.79495037215402,-1.9553648639659404
99,2334,0.11083147347927252,5.72075192004836,3.613552240161681
100,2289,0.10547414984794028,23.052162516382705,0.7480613798758351
101,2457,0.11115635179153094,28.064387464387462,12.680920014309462
102,2295,0.1070479033537012,21.127415769899432,-11.517129260782497
103,2162,0.10285442435775452,-7.788862135154552,-18.90179960524788
104,2318,0.10825705212030637,-11.2326060431755,-4.035846778619254
105,2401,0.11015782712424298,1.6199794698336971,1.6096465254946812
106,2291,0.10869668358874603,5.332711223981409,-2.8563720510215593
107,2218,0.10373696272391375,-5.186373080144137,0.9129082067709885
108,2202,0.10083340965289862,6.040311837723285,-3.9736291434821926
109,2233,0.10182398540811674,30.38413795960405,17.311605252975852
110,2390,0.10895828584454069,-6.908376542344831,-2.006950304214595
111,2371,0.11071161748225626,12.972523745748457,-2.788532284663197
112,2340,0.10909090909090909,10.166041885340132,1.757519950890118
113,2412,0.1139186700042507,8.702571428697379,-16.833721632582623
114,2446,0.11430974857463315,18.385657887129675,-4.421376451793961
115,2533,0.1104281105588979,23.00471299316854,8.13163712200209
116,2340,0.108128090199159,14.84051654648146,7.18480015925328
117,2510,0.11742140718562874,5.791912350597611,-2.413289607246036
118,2179,0.10372732898557624,18.912611318859962,6.063237533307953
119,2385,0.10957456583662593,37.163677445312665,17.865349432857666
120,2401,0.11172638436482085,-47.54280092403463,-24.364766359078075
121,2212,0.10426584963469243,11.403808548029069,13.819761051373955
122,2187,0.10471128985923585,-18.601125737679055,-11.078969574797243
123,2316,0.10680686220254565,48.123013816925734,17.920619618325627
124,2235,0.10863753463277111,-1.0118699297222775,-2.9898786812584275
125,2274,0.10858043260277897,-6.429740234357647,-10.801324199867123
126,2209,0.10176909610246015,-30.70086623062726,-6.873165445593536
127,2318,0.1066090235938003,19.304907689125024,6.627437310244012
128,2267,0.10614289727502575,9.429256510031008,7.969197247706424
129,2552,0.11560588901472253,48.508152699241215,26.741162912519645
130,2436,0.11013654037435573,17.991428239704103,0.3859797297297313
131,2239,0.10646695197337137,-4.674431724689123,-3.784128432394852
132,2379,0.1061342850769574,33.34018495166036,11.615850846564335
133,2234,0.1040279394644936,-1.2696856659703564,-1.7343109719600316
134,2251,0.10508870214752568,-6.398238883019916,-25.256216165545684
135,2256,0.1072549206047352,32.199905361943436,9.153424909689148
136,2457,0.11069063386944182,11.776731196029443,2.735635312840271
137,2232,0.10638703527168732,18.931657810895217,1.3309545647748389
138,2427,0.11267932587399601,43.052683822152304,9.827840359060106
139,2304,0.10777938906301165,4.14430706000059,-6.1005774255165015
140,2369,0.11240273296640729,10.594309494267282,-12.725938226502823
141,2426,0.11422383351381891,3.753007819330987,-2.9343468493031115
142,2364,0.10966784190016701,10.821371498401954,3.3182531269874924
143,2492,0.11502954209748892,31.953675856307438,8.628994734908776
144,2364,0.10944951155146071,-20.873640964817827,-7.9108879153755725
145,2435,0.11043083900226758,11.107952474054276,16.768475169547145
146,2209,0.10625300625300625,4.557609884073396,-8.156585822172532
147,2277,0.1068362032562286,20.931734841422102,-2.114164305949008
148,2426,0.1104032037862929,27.394385846577016,6.550339305974783
149,2261,0.10333165760248618,-2.3608365834372003,-8.674999432372905
150,2423,0.11406647208360794,25.34592145141052,11.10715535159385
151,2234,0.10790185471406491,43.73712636424081,12.971156532265573
152,2309,0.10843430074199305,-8.077535423529362,-13.738665285254173
153,2286,0.1098932794923565,36.81558144878355,7.364691146417034
154,2173,0.10503673627223511,57.4967336797138,10.643455035413634
155,2330,0.10816080215393185,-27.93799994523961,-12.297657128036656
156,2199,0.10404542228530873,-11.497141202117147,-11.807787885005581
157,2315,0.1138823297914207,-7.638362894604797,-9.063247011952194
158,2456,0.11499742473193801,7.315348474458281,13.30399166232413
159,2264,0.10853307766059445,23.438037009484844,9.213144704173883
160,2302,0.1086771787366632,14.265114217764088,3.7154034337601654
161,2276,0.10657426484360367,24.63912321812146,-1.7219488530043654
162,2172,0.10588923556942277,15.464946719301183,13.482179783481326
163,2179,0.10109961490279776,38.05289053916865,13.743905049592083
164,2351,0.1123160710873304,8.555394121202625,10.200974499871204
165,2348,0.11018818339668685,29.726751601009646,10.863338037318274
166,2358,0.10653774906248588,8.527820186598811,-0.09986742300754078
167,2440,0.11227682679919014,11.220158400223113,-10.368349362281752
168,2311,0.10706013156675623,5.053158150085885,4.354846203884395
169,2218,0.10496923805016564,23.51367097485222,2.8912038129394544
170,2313,0.10680149605208478,22.228334635406792,4.171729611384785
171,2180,0.10553834237025561,8.144603202473798,-18.24650105382812
172,2243,0.10147484618168658,-3.394654975974636,-12.942036787797216
173,2338,0.10784132841328413,13.147418423576632,3.1514444248722904
174,2444,0.11617073866337105,-12.039335403305166,-1.1209364463388267
175,2333,0.11045355553451378,9.48704100585798,18.75962818506668
176,2411,0.11181708561357945,21.021358711434896,1.162248351266919
177,2120,0.10341463414634146,27.758036797969762,10.970701038935818
178,2293,0.10932583198245446,-18.6970811472774,-3.907465285529312
179,2109,0.10347873018988274,-3.2660197845793406,-13.146351046066197
180,2306,0.10823750293358367,0.8956411469421006,-19.836682749767604
181,2273,0.10592785907353901,-14.807462379368278,-6.463380500699736
182,2439,0.1136744966442953,-15.993516703907073,-17.07998165858771
183,2427,0.11292573981016192,-2.904988492256724,-11.043477314290692
184,2212,0.10501827849783982,30.435926578048498,9.074085599387207
185,2329,0.11263178257084824,31.817739712096905,3.564192467142984
186,2209,0.10331602824938028,16.177671355089096,4.598124164631052
187,2210,0.09952713352848458,-10.064343891402714,4.302165114351192
188,2401,0.11126558227906762,24.687755102040818,3.943129666053337
189,2343,0.1057549085985105,-21.983434588488837,-20.485983369725844
190,2368,0.10699923184673082,18.84079391891892,-4.12384770398319
191,2280,0.10642270351008215,24.706005670742513,-6.382702223466554
192,2186,0.10489443378119002,-3.0196310628799683,14.354277945032534
193,2420,0.11417787213965558,11.98310277634984,-6.528809139451136
194,2315,0.10788517103178302,3.3507096886794514,0.4932744850777632
195,2224,0.10767368675865407,0.5255613690865527,-11.018878255487314
196,2384,0.11078581718481342,15.909797484737878,2.7268397237437507
197,2329,0.1097808154607589,10.782114836644679,1.8991890533126399
198,2191,0.10401633118116217,25.248709366600742,19.562921878687746
199,2297,0.11211440843420539,14.386215938918548,-18.34506023023313
200,2287,0.1081272753061321,11.076987140639826,-16.07079872501803
201,2257,0.10753251703273144,19.68793562564054,6.723473325766172
202,2481,0.11381778144783924,20.35672251053782,16.53779484596659
203,2297,0.10542500458968239,14.863396701010979,12.077190854781472
204,2321,0.10375502905677246,-11.063112542234515,-22.470911811300823
205,2113,0.1024733268671193,5.948495365390774,-2.8739746823045427
206,2280,0.10418570645220253,15.034264132553606,-4.552304924668316
207,2298,0.10763970209377488,20.499119244295827,-1.873465749354304
208,2239,0.10428504890544947,-1.9908979786345167,-14.996286000729127
209,2273,0.1088705814733212,-18.905345019416384,-11.234069001613818
210,2279,0.1097942862648745,46.16445039760437,23.05835633796443
211,2272,0.10327272727272727,30.19138018902891,22.049654150197632
212,2374,0.10916448245735044,11.676188166415633,1.918848108413326
213,2345,0.10768736223365173,-1.8703021688096322,-11.26701617006216
214,2380,0.10940516686586375,55.55725389677402,11.968681672025726
215,2451,0.11205595940200247,14.455079559363526,-8.238326868214195
216,2399,0.10884261149675604,23.721023335303407,5.3816107919271
217,2441,0.11007395382395382,13.131237056304435,-9.05149103666624
218,2272,0.10635210410522866,13.71611477076173,10.33178772684918
219,2245,0.10928828741115763,31.167348316123373,3.833303910318652
220,2311,0.10712961246059707,49.65709130752744,18.65543879959037
221,2265,0.10509953134425316,22.00757492433338,-6.22961408041337
222,2237,0.10629098165922266,-6.443578100369385,-5.929357545742191
223,2259,0.10533432807982841,48.927482720779714,11.466919311542712
224,2292,0.10503161946659334,28.682422669795226,4.555401809473124
225,2206,0.10120658806257742,28.710220133288797,15.165804210675553
226,2193,0.10474780282766527,-18.325822750993748,-7.8561004017018865
227,2413,0.1106525427614986,40.9776505209576,12.671757117133547
228,2393,0.1106129241009522,-5.417984272309385,6.088469250600447
229,2208,0.10462967350613657,3.6316676731078923,-0.567573315688732
230,2329,0.10916334661354582,17.364754297625876,5.024480537544675
231,2404,0.11137879911045219,49.56305594698186,26.793119769368126
232,2316,0.10796699454570882,-4.671986155528562,9.977299223510263
233,2251,0.10981023464559246,39.46462027273129,13.797209113283808
234,2429,0.11016372624608826,13.253444129054625,-4.26794468887492
235,2356,0.10940329695843976,-2.581506491056574,-6.436408754555009
236,2246,0.107069647709396,7.064944022405239,10.187508697063873
237,2266,0.10479581926652176,18.975027414480195,-3.875088197939696
238,2402,0.10942553869983145,37.223611902362066,22.339939288811795
239,2244,0.10636079249217935,-17.10055771619943,-7.403199258143038
240,2296,0.10769735916318776,21.76109351353254,-0.832419786096258
241,2317,0.10762227692879373,8.313400295575523,5.527789178096986
242,2119,0.09787528868360278,20.668773751272944,11.708809196551295
243,2325,0.1110156138089099,21.728947219792722,7.4486137774007775
244,2444,0.11317958692229323,11.17114568895084,16.6611071682044
245,2202,0.10064905384404424,6.637028780080553,-4.195395059136397
246,2216,0.10743721516532531,27.346486981730667,14.244556423651245
247,2138,0.10292701713845562,29.17676243007098,19.256836199536533
248,2201,0.10462518419926796,17.30944411474075,2.7033237781620927
249,2335,0.10823714828721087,17.80576050144178,3.4436865446523
250,2353,0.10796549509039186,-7.116724721435392,2.2429294367647357
251,2164,0.10184967289499694,-11.108410351201478,2.059607140262067
252,2207,0.10470632887370718,-5.617051347182745,-16.87000440191831
253,2298,0.10800394792498942,-10.233054214908,-22.011582071042604
254,2569,0.11610774654252914,10.686165914331697,4.215741530889676
255,2284,0.1103434948548239,-5.052853565612806,1.2343449601757766
256,2317,0.10943699225392027,13.99361341649464,14.427077165975918
257,2308,0.10867313306337696,1.9534717327429174,3.3256294035812064
258,2220,0.10611347449930691,8.963777701146123,10.63120847465502
259,2351,0.11177673180240574,23.083715776041547,0.36652141566585433
260,2295,0.11105734333413984,12.638403042001256,-5.194520192182831
261,2235,0.10288160559749586,46.134679516226676,6.844966800083287
262,2297,0.10539114475797201,47.754014239038185,28.25508813374523
263,2427,0.11461088024178315,2.187981434276407,-9.841595102457275
264,2181,0.10385219751440408,9.151466522168034,2.971841741039466
265,2361,0.10698264533961666,8.711387915581055,-9.949657399729407
266,2248,0.10491436038642833,-10.282549578005188,-9.813017936518573
267,2245,0.10683353954506519,11.15566905723511,6.059967808691653
268,2394,0.11245244022734746,19.210500422596454,11.720008578168558
269,2320,0.10803762689764367,23.624304524372583,16.297434992611542
270,2330,0.10675341336021259,21.0517470845797,-5.25889629339257
271,2215,0.10486696335574283,21.504589917231,0.033017666535461974
272,2332,0.10832907511497189,14.551185366347411,6.439121756487027
273,2468,0.11259124087591241,8.509822290981125,4.7462618564387205
274,2247,0.10586572438162545,5.82346052046003,-4.613573994333014
275,2232,0.10163008833439577,-8.111799160249927,-5.97500408049059
276,2401,0.11538831218762015,13.121987892250283,3.4080583865952643
277,2218,0.10441086475544885,-3.33408794892113,2.0433240896485905
278,2089,0.09976598691437032,13.444088080421256,-3.322390613541923
279,2296,0.10597738287560582,42.321928782599514,12.639521524633373
280,2490,0.11843607305936073,37.18079144862277,11.775910308165795
281,2162,0.10269808094242827,16.403330249768732,27.474320754259676
282,2288,0.1084257416358639,14.636505466888243,6.4743761140819975
283,2290,0.10873177911780067,15.017496802081956,-0.003550721380738093
284,2145,0.10357315306615161,12.75605201815728,-6.3313684919642
285,2325,0.11104212436717929,29.919197841459304,20.47050893158072
286,2326,0.1105881234250939,15.885798657251797,3.428163368731427
287,2418,0.11064842355740631,-3.773315871702968,-6.1481043691445585
288,2288,0.10717129607944166,47.47273566080384,13.245729978342897
289,2400,0.10957903387818464,-11.990095538720535,-3.6999208064895868
290,2357,0.11100645222060002,21.875037876250392,-3.872817729534145
291,2407,0.11202643581867262,38.92255862806668,14.04200808357444
292,2310,0.11215770052437367,-10.85928637019546,-5.625536148573951
293,2130,0.10050014154949514,38.67444332127801,15.120916684721116
294,2280,0.10452482464585339,11.074150997509722,8.06187455632142
295,2224,0.10096241147630289,3.0916584913887086,-10.886772369442285
296,2320,0.10881801125703565,17.891021856495993,-9.495133409760157
297,2367,0.11272502143061244,-38.00313916745109,-18.41251213071837
298,2345,0.10872589020771513,14.742074317408173,-1.5228529385534677
299,2387,0.11053996480503844,29.384508681282878,11.239485034922163
300,2421,0.11486454428998434,-5.066565698288126,-8.484813159769443
301,2185,0.10298345666211058,0.4837852206273257,2.2491328815895275
302,2201,0.10336244951629567,37.19658632282798,15.048426925187488
303,2212,0.10706679574056147,27.353139898076602,2.499226274337716
304,2414,0.11171788226582748,-2.881928538425723,-12.65932429428762
305,2201,0.1032460831222441,15.759361109118394,16.87796858737818
306,2326,0.10886964661830095,7.4786768211599615,4.30983326769069
307,2303,0.1083713707590231,-1.1132352618674815,-6.684019609998461
308,2261,0.103753671071953,-3.588325584577825,0.9101912313432862
309,2378,0.10795351370982387,48.10276535886956,22.265404939308844
310,2322,0.10858585858585859,5.994623234933312,-4.93284191476683
311,2260,0.10217460102174601,7.854734513274338,3.7588290927544916
312,2205,0.10806704567731817,56.234110094861975,24.092082070083904
313,2295,0.10984540276647681,10.709037653220657,-10.110122183611704
314,2117,0.10276200184457066,10.820018924797287,-1.132224841791785
315,2528,0.11552874508728636,12.613687613140064,-8.841343080856506
316,2295,0.10590678357175819,-5.842201095926585,-9.743069461131133
317,2222,0.10497472480748335,37.06621736336314,2.08784769669037
318,2194,0.10592893008883739,-6.383334423736477,6.1658035900889425
319,2438,0.11089379122128724,15.03132085066371,4.389056235328336
320,2341,0.11020619527351473,32.28875971659308,13.214089826012678
321,2408,0.1133229799049367,24.150341454411222,14.557336648831063
322,2344,0.11096908583061119,-5.1088053609564295,-8.475040116061814
323,2265,0.1073866868955054,24.086248918838674,13.56341646395526
324,2268,0.10276858942407903,49.26559271354593,12.341166013310241
325,2401,0.11466641195854625,-7.541637422472162,1.199119200183674
326,2376,0.10600517533684305,27.797815117326014,10.790636100875933
327,2252,0.10358309185410054,-11.016607460035523,-11.455196053454381
328,2305,0.10464905112140198,-0.2357039973891191,-8.926363435637006
329,2303,0.10701672862453532,10.039923724758149,-1.7035288976291914
330,2202,0.10149804102327725,3.4857733846906367,10.759888059701492
331,2356,0.11049101908737044,-23.33244027713468,-15.613137365743354
332,2344,0.10631349782293179,-1.6047507362106752,4.0236452542032275
333,2322,0.10612916495269437,20.223458049372642,3.665012088405828
334,2136,0.10128022759601707,15.27052831687663,-2.155315870570108
335,2448,0.11063906716080629,45.516191998241794,11.84032204652703
336,2372,0.11084630122902939,35.563188219283454,2.903781692200403
337,2127,0.10083436048165355,-7.238852734406146,-0.12628160875457
338,2386,0.10740974160439362,-15.662282929885613,-17.986485598510573
339,2313,0.10596967059146928,31.397436535698535,19.757985498726235
340,2214,0.10111897693537338,7.597808710410335,-14.205808285007969
341,2206,0.10568677238537824,32.19648508273073,20.289176961485264
342,2426,0.11559536856149044,5.757109122202195,-17.135653335002395
343,2258,0.10630885122410547,14.265941970636389,2.5065949485500454
344,2314,0.10845011013732014,16.67556796643136,-7.626028505912506
345,2386,0.10686612621489676,-22.85900724276336,-24.770340335017284
346,2263,0.10491423273064442,5.932419034167993,-0.04748066450047949
347,2498,0.11413167633755197,34.132022789949126,8.139108953062442
348,2304,0.10293986238942007,4.842194353070178,-3.6769062353388007
349,2365,0.1113622451382022,-19.97351458279243,-0.37017184297651184
350,2093,0.09840150446638458,-3.929430345906318,1.1923378009726024
351,2382,0.11011973556469881,43.82526058231348,7.087718934174485
352,2308,0.10843316889828518,18.344968152748873,-3.711293889964059
353,2337,0.1097131590066194,15.155422431417295,14.406156604901371
354,2310,0.11012060828526482,0.3282762231566042,1.65121402977767
355,2202,0.10413809411208323,44.82721842933373,23.259830288416953
356,2129,0.10015053156458745,10.275833013080547,3.1211735612590323
357,2222,0.10447129625276223,23.443863309775956,17.09593259177925
358,2229,0.10928613453618356,-9.719853132157446,-7.663633606308767
359,2293,0.10695461542049536,39.74183263071183,17.43260016427854
360,2125,0.10134974006772547,7.927983187916314,-19.5505424005599
361,2338,0.10836114200964034,-14.232315069109903,-7.3090250672217865
362,2228,0.10287191799796842,-14.315628623950932,-20.485854201963473
363,2279,0.10600986138245418,33.098639754278196,31.632987734634405
364,2265,0.10913033004095399,25.47235606911452,31.81947151339346
365,2179,0.10634455832113227,12.300380242608687,6.290028763183124
366,2369,0.11416867469879519,-0.6858975437878407,-21.349188271811702
367,2392,0.11277699198491278,-10.378284095131919,-11.416485566897157
368,2458,0.11453333954615348,44.324425553985314,21.14356015962616
369,2260,0.10787074602644266,-19.43772654349739,-23.067338746885667
370,2211,0.1027464101491705,-5.88973315241972,-0.5465324174273092
371,2374,0.11093457943925233,19.799790347943585,19.851047376441418
372,2318,0.10977977740942459,27.180703497442067,2.1481030085539543
373,2283,0.10436094349972573,35.778556480264754,11.809072491442144
374,2348,0.1089609726669451,30.69703062635682,3.5288078216520797
375,2359,0.10725652450668365,51.650703144877745,16.248806527211176
376,2359,0.11133135117277833,-0.5907164052564639,-16.285424207645445
377,2433,0.11091862320492364,28.845085418399712,8.832237558235724
378,2131,0.1013121612627175,3.41414568017102,9.574008724207221
379,2307,0.10527036276522929,8.257502038844862,-7.517849343723422
380,2368,0.106083684257683,26.048126805034702,25.13340644092831
381,2330,0.10344980686409448,32.73080287857111,-5.296826999034491
382,2202,0.10642822619623006,34.72002111559691,9.62821232458816
383,2350,0.10753672264677619,47.923041908446166,8.227250672665521
384,2170,0.10576079539916171,-2.8742711617754066,1.0312981015905567
385,2374,0.11027499070977331,4.4647590613714865,-0.16423545563754338
386,2389,0.10976338157592465,29.134282126412725,12.241330967558211
387,2464,0.11755725190839694,23.378508297258293,-1.2572262279829955
388,2430,0.1137960101152009,34.46275595460781,22.4317274532344
389,2276,0.10989329341895611,2.6063589600565797,11.443473064494711
390,2322,0.11253271299796452,20.637173035949047,26.464885737512425
391,2282,0.10907700396730557,0.3474750270358944,-8.576011959521624
392,2544,0.11551559733006403,48.49047799661628,28.070582131368678
393,2343,0.109445067264574,-14.101340062348218,-6.946043321613054
394,2473,0.11179927667269439,2.7681696183749955,9.235649795364333
395,2461,0.10997408168737152,4.315325391903164,-2.9439973790363863
396,2481,0.1127112484099582,26.017095025864837,14.93294528521536
397,2215,0.10223391488968891,2.2162467253022085,-20.21977525954434
398,2295,0.10918173168411037,-29.092244008714594,-9.300038820762259
399,2421,0.11017064846416383,2.4392904676671727,-3.758015283700994
400,2249,0.10260972716488731,-14.337476305258475,-4.500383288616324
401,2247,0.10801326731721386,30.053185900652704,1.046334407413506
402,2341,0.11020619527351473,22.08497043548641,2.4310567156075367
403,2161,0.10206877007368222,25.49614855784027,16.401875045422614
404,2289,0.10714285714285714,7.426764808416182,1.077871781276655
405,2212,0.10803946468692,19.887345713728127,0.16467893158255417
406,2215,0.1038589581281943,-1.9524604966139942,-6.212500852640912
407,2401,0.11251698767514878,1.744870879380624,4.254691803488697
408,2409,0.11379310344827587,-8.3776176040186,-11.305225926623548
409,2240,0.10663619918118633,2.9240794695071015,-10.822976597061457
410,2149,0.1025481962206528,-3.056852253029176,-4.756673950218507
411,2188,0.10518219401980579,25.680298413753626,3.7966495032272087
412,2274,0.10658542301382705,21.231382425841527,1.9780122732727976
413,2121,0.10518224646665014,0.04723853337714966,-8.563133594298902
414,2159,0.10396802465568718,-2.622639081879469,-0.5548666779685638
415,2427,0.10860518190361122,24.456663461978668,6.290391969407263
416,2575,0.12056936835697897,6.570480192832774,-0.4167518076076699
417,2198,0.10336719337848006,14.703182826783232,6.780901949085124
418,2396,0.11019131714495953,20.78690409942497,-11.72632305965639
419,2253,0.10357668260389849,12.834000126949876,2.472143223460301
420,2278,0.10488512362447626,12.505819667960976,-0.7756077194284667
421,2306,0.10853296936038029,9.72428316118689,4.471899179910115
422,2131,0.09863001018235676,13.405309784849905,0.9590554592720978
423,2291,0.10729674035219183,30.195564387470935,9.863750113750113
424,2301,0.1126946811636791,-2.215357999122494,-10.907669544862308
425,2308,0.10860665380452685,17.56970134621781,0.23724263451256905
426,2278,0.10522912047302291,18.369068486258083,0.4165064102564099
427,2283,0.1080965909090909,19.814294779409934,4.41480399865214
428,2336,0.1080131317334813,22.05035744066476,0.4776784733964333
429,2338,0.11239844238257776,27.26710961762963,4.318394838372169
430,2202,0.10484216540494215,4.49552134954401,0.5761288703310761
431,2189,0.10201798946730671,11.144745767404514,-6.060596173118607
432,2221,0.10603456507209014,10.539618608416447,-3.4738639843584393
433,2166,0.1021842713591546,22.100901442868203,-0.1415782412489327
434,2236,0.10732456561390036,17.548689940550407,4.741586619197957
435,2260,0.10504299326051592,-23.545034414945917,-23.247890756109335
436,2159,0.10367844794467922,-14.08338303687271,3.585860250494393
437,2284,0.1100935120023137,20.725371001935656,15.126903785814076
438,2357,0.10794101483788239,43.7280289666195,19.250342524404868
439,2314,0.10887362378846335,-6.871836340937463,-1.518682738798153
440,2303,0.10617306717071597,14.00784073105302,14.685797752808982
441,2209,0.10875344623867664,26.246612800709677,7.31931505208957
442,2299,0.1080865068171133,-5.617132336158915,-1.4471165482188824
443,2178,0.10479719001106674,-13.961576447867586,-8.53219272744603
444,2263,0.10645904878393,-9.60468538678879,-1.7254972184418491
445,2219,0.10925652387986214,-14.254574132492115,-5.59726116273142
446,2321,0.10724517142593105,22.286551700363805,-0.11253342685546379
447,2297,0.1106188297616181,-33.724684370918595,-26.45071516702463
448,2352,0.10665699256303283,-0.7009947985041955,-15.158381377134775
449,2311,0.1086557901170718,34.69527174084327,8.126796522504678
450,2211,0.10953135836718518,-16.695389900817307,-21.078982597054885
451,2225,0.10408382841371568,6.137384298335215,-2.8087760525333274
452,2345,0.11017148226450552,10.02010294846116,1.7468782745371945
453,2249,0.10809901465993751,23.01491527098464,4.46386661336218
454,2235,0.10742093626838412,-23.845372291144102,-10.893761220825853
455,2252,0.10241484378552913,17.20227969137009,-0.21259915572667884
456,2207,0.1065205849703171,12.95414218978953,7.971669832261609
457,2410,0.10780585998658018,21.552811627963408,4.877860667967403
458,2181,0.10521999228097259,1.6530868666393195,5.939804001829959
459,2328,0.11167074399194128,14.11415312923045,5.210817469204928
460,2129,0.09967695116812585,28.66229919276321,15.888240080409709
461,2330,0.11017590315869114,24.00755289511332,19.767021893253666
462,2332,0.11113758757089072,-3.2818049138126795,-22.926847317444764
463,2213,0.10470287660862983,19.95357917174456,-3.4380503217712546
464,2299,0.1092576751259386,18.42076519412203,12.457370182398442
465,2546,0.11724614321897306,18.74330446316224,1.1910747304344231
466,2319,0.10993647482696502,-10.092600157861952,-10.639482230252021
467,2410,0.11175515882216555,14.715580284169496,7.201043312625814
468,2280,0.1062689349801911,11.069582668793197,-7.492165856760072
469,2319,0.11260014566642389,9.606854615467677,0.6387033183660077
470,2206,0.10588461169242584,17.107096011409606,3.927487755345838
471,2195,0.10319699106723085,14.330971506214285,6.849401446011613
472,2415,0.11293490460157127,29.113756613756614,-0.49376867736579655
473,2227,0.10565518550147072,4.1469148746463045,-9.109183241641977
474,2365,0.11325001197146004,45.59249236551562,17.153402872395077
475,2408,0.11535329341317366,-21.75529841605423,-31.878155444901488
476,2373,0.11011600928074246,-14.827414899096313,-5.190140205998457
477,2358,0.11361665221162186,17.377170346381543,11.602449609815128
478,2330,0.11432216279868505,18.97161556837861,3.277432314037225
479,2438,0.11072758652011991,16.957333906396986,6.991903535167665
480,2440,0.10742273487716826,18.672169233316776,9.035284411820701
481,2105,0.10107072550055217,30.276536208440195,23.516973739678125
482,2260,0.10908915383501472,26.702134738159426,20.0692759018827
483,2377,0.11272347892066202,26.354414995559292,-0.7817106616386692
484,2234,0.10737803412641192,6.509034223876615,-2.432288097544838
485,2430,0.11297071129707113,19.24738839554304,11.696711538878413
486,2303,0.10689255047574843,-1.7417020260885234,-9.510884509624194
487,2411,0.11038366449958795,11.669533158210056,4.765161118153312
488,2303,0.10906938195595549,31.667797660310857,19.624123638608403
489,2432,0.11454947953464274,-10.415229751636867,-7.324791368119363
490,2201,0.10741301059001512,-17.943586248674848,-19.624247166500687
491,2291,0.10556144311846288,26.69583874305554,-5.679298229603942
492,2308,0.1037909789989657,16.65613703393508,6.2792302436802485
493,2266,0.10785853681755438,1.0266954160924524,3.2867574368652863
494,2269,0.1110512920908379,3.3531823301325288,-12.475208938748843
495,2359,0.10889535152102664,-34.72014137492819,-17.682832503556185
496,2290,0.10467614389541528,-7.34837738450931,-12.966705958232323
497,2275,0.1080349510874727,15.954878454878452,-0.3566338875446753
498,2405,0.11042240587695133,34.01196287196287,5.006492960706032
499,2397,0.11585866885784717,4.695116902507722,1.5261527207005625
500,2356,0.11067267944381812,19.988539898132426,-0.8771394187912246
501,2147,0.10310714114200643,23.150938180867335,10.438269477001867
502,2437,0.11120237280401551,36.71046244140212,15.267286796180441
503,2448,0.11160246181901072,-19.669970278116566,-27.21305559453878
504,2275,0.10918078418198397,-25.30804189962085,-5.341147039747985
505,2282,0.11096523219061512,21.643951904300632,2.2103650869853455
506,2301,0.11031209549834604,10.50285147501918,12.501149373981747
507,2262,0.10581961077844311,-14.29185761472513,1.6832908220342793
508,2492,0.1133190850802601,8.61353852796786,-17.419504105157554
509,2247,0.10728609625668449,35.53512753847235,2.2503884729481607
510,2397,0.11110081112398609,-3.222830194663408,-1.8095755792884414
511,2352,0.109829558720523,25.960935030577886,4.193668816824245
512,2274,0.10925338714326896,5.583870810124108,-15.060270469420484
513,2276,0.10789286560796398,-14.431854900872569,-17.894465323653684
514,2344,0.10709553616301914,47.321022194279784,23.716866788775075
515,2347,0.1137222599089059,36.477549518008786,12.974025679929348
516,2375,0.1129715073966608,32.068583788018685,7.9691759184041855
517,2319,0.10937131537989907,19.531820531636697,6.257735464127848
518,2313,0.11112178717271198,-14.083079112971939,-9.039093562547402
519,2316,0.10672319247960924,6.531851328483453,-0.4293183098591554
520,2436,0.11149251681999175,33.920607553366175,16.81422181346933
521,2157,0.10217422196958931,-19.929919205228476,-2.5145773283560935
522,2324,0.10861843335202842,32.562303325857535,6.8854578175752765
523,2325,0.10749953763639726,34.106645492845836,17.119836158934596
524,2383,0.1112615557008124,13.589839066951068,6.8910810073643045
525,2225,0.10325305118566987,29.148553231905098,11.26614827048353
526,2382,0.10687365398420674,-1.5212859069282225,-3.535249082328263
527,2299,0.11073647704831174,24.108392318135685,6.102722554539056
528,2507,0.11338247930894126,22.477956925287558,9.195577212942124
529,2240,0.10505581089954039,23.145104902407535,0.6940370116518199
530,2483,0.11604430527644062,17.834595247684256,-11.830040584248364
531,2423,0.10967771138873801,14.165474081782705,5.791749950578779
532,2373,0.10812904401713297,16.075166753927817,5.518043633375855
533,2346,0.10839532412327312,25.661164886174983,10.460114118247816
534,2227,0.1044853148165525,14.45175578248393,-1.343826868495745
535,2403,0.10852678168187156,12.98797164097775,17.051121674589275
536,2358,0.10961323912235031,27.25383115562572,20.703077981256985
537,2244,0.10449359720605356,21.22012954860548,8.479733207994805
538,2250,0.10294184929313263,-29.265985964912275,-6.1754043249136865
539,2336,0.10923544540565817,-27.35771574341104,-12.990361390876359
540,2264,0.10606699461232139,-15.382211575490818,-12.884624099333845
541,2324,0.10527746319365798,18.258863707278415,6.907898707146668
542,2318,0.10733966195878676,-15.173136776236088,-10.445150827116445
543,2483,0.11430807476291317,21.740554558879165,7.633587786259543
544,2271,0.10457245475894461,17.483971818582123,-0.6154312172746511
545,2405,0.1143169502804449,17.891305107094585,6.236427932156033
546,2232,0.10854447308272139,19.846701618143324,2.7840098177355523
547,2337,0.10841026116806605,0.43538595194564444,-8.819945571064874
548,2361,0.11194348300222844,9.297716526372986,1.6031232936551247
549,2255,0.10487884284451886,-12.936353781719635,-15.11231867684938
550,2155,0.10116895920379325,37.61261554364009,29.145062690288402
551,2325,0.10750947933043559,12.204955794504182,-15.160086318895473
552,2222,0.10375904739668457,-11.582786962906816,10.065017932187729
553,2340,0.11272219278385279,-0.9424029771398201,-3.0675956249063563
554,2165,0.10366291596839837,16.74466046142721,5.119740554095438
555,2335,0.11172248803827751,-37.1886539917375,-8.208971069627525
556,2432,0.11435557436403818,31.811774252217457,10.334346895074948
557,2304,0.11016543941857129,8.233361230174552,-3.7132839063090306
558,2374,0.11099163121230539,-1.8152812880277054,1.9135033545313516
559,2323,0.10833877436806268,9.123295647642568,-4.692381242122646
560,2424,0.11353098215540255,41.9141658464092,19.503446196260875
561,2171,0.09842680328240468,16.564630474053732,-0.43568044888010204
562,2364,0.1109807051312145,34.38418176330947,5.8021011103969515
563,2438,0.10947462954647508,13.717424144296908,3.8591316015682304
564,2318,0.10624255202126684,-10.580681594566071,-7.530939562543643
565,2408,0.11201041957391385,18.169905140758875,16.06014576812799
566,2418,0.11511544870268983,26.946830017118646,6.248279865829532
567,2262,0.11062206572769953,-29.565788463066138,-14.189415240909305
568,2255,0.10719718577676364,22.420028503025353,15.354711267772231
569,2206,0.10161684094154498,9.416103584877742,5.163008666164279
570,2375,0.1100811123986095,15.474888519544479,2.759318135696409
571,2205,0.1038673512647793,5.464103621246476,7.689405540860367
572,2205,0.10619852622453403,13.196019148400099,6.5544543329737515
573,2360,0.11167897028203672,24.97819851052902,7.563536953242838
574,2137,0.10343659244917715,-24.9784444200645,-3.795209143968869
575,2364,0.11298030969221946,23.70514392297721,2.4299539901634155
576,2363,0.11081410617145,36.29074152442752,5.470706349560484
577,2446,0.11150619985412108,26.139214714603103,17.439681046454325
578,2144,0.10151034515411202,2.5147821498567757,-6.9412720636031775
579,2146,0.10141297670242427,37.65908337804889,7.499950290798828
580,2264,0.10526805226205421,4.461503729878287,-4.5089370345294535
581,2320,0.10746213349390893,20.412980943738656,-4.717133191113405
582,2287,0.10633252743165333,35.657150103199854,6.510350738396623
583,2421,0.11246864257177366,-25.92299909462239,-9.255522577909687
584,2294,0.1096086769554207,56.593883866888966,22.405859662013224
585,2294,0.1061054579093432,21.61985548598452,8.567106097374348
586,2339,0.10908497341665889,-1.1861109463256123,-3.26264930881761
587,2334,0.10656074510341049,17.097159685977168,9.699663869287445
588,2294,0.10563639712654264,-11.570198659842122,-3.1858323717118417
589,2141,0.10451549914571638,-0.3897386311801583,3.882626565922571
590,2379,0.108699625331262,-7.524521112096609,-19.676186048570983
591,2381,0.11168441296496083,27.41528345190672,-6.418517002993559
592,2258,0.10565225528729179,3.20998420642959,-8.50431053938162
593,2463,0.11494306514840395,29.286783794091953,16.64982704872528
594,2307,0.10639671632154223,14.62070784269128,3.7658854848564256
595,2186,0.10520743093656752,-5.632609428420089,-6.7161186656114324
596,2236,0.10328421636103284,30.25889982110912,8.233019928706431
597,2339,0.10900363500792246,4.673470921269128,-16.570124740588668
598,2481,0.11380733944954129,36.228710833916715,5.1916851664984875
599,2394,0.1110080682555875,12.593547642808955,11.00209177952212
600,2325,0.10704912749205764,21.38074172397432,0.7765865654256002
601,2362,0.10908419156698841,22.92421548251353,-2.903158632633706
602,2302,0.10574184657785944,-2.8723942289971816,-14.207193492683814
603,2351,0.11145349388451692,23.731279460525695,1.2369929305769294
604,2328,0.11704962542108703,59.03784738778634,30.768878188805033
605,2348,0.11256531952634355,16.945239447283736,-6.774822574428043
606,2302,0.10774631406505968,35.8544964252244,11.149039098740888
607,2274,0.10834762721555175,-2.621302900784921,4.915428834214762
608,2436,0.10892992890041586,20.85963587565221,21.434559164244483
609,2281,0.1046810463515374,58.92260599488038,29.309460881768217
610,2417,0.11341560696353996,13.537178417012049,1.2185028588954367
611,2211,0.10657476139978792,37.61756872204633,16.7081523190059
612,2543,0.11791709171844571,13.77254610387669,5.829518120590123
613,2156,0.10265200209493881,29.109599707651657,5.287954437112678
614,2265,0.10809392001527154,37.17796264022824,15.917451371228257
615,2396,0.11274233013363448,-5.29454087487652,-9.799047103410938
616,2051,0.09937015503875969,11.09569512777704,24.02782047340916
617,2288,0.10794489526325722,15.449846365755459,-6.314334402116638
618,2267,0.11032703912789565,9.25417546955169,-11.086088529520735
619,2353,0.11246534748112035,26.827415520087804,11.526806017141855
620,2362,0.11018332789102953,-9.919391630102888,-17.1193890661914
621,2399,0.10757365140576655,-9.359456325834861,-22.04058595979453
622,2194,0.10489577357047236,-6.090164054787667,-22.443755969728883
623,2264,0.10490223334260032,37.75617778115918,4.636301619064945
624,2053,0.1004010172143975,11.7665521573051,0.12062608172172454
625,2348,0.10949960360024251,25.105157035249835,6.739374878831611
626,2359,0.11275751637111037,2.583539935171985,-2.0483731019522766
627,2179,0.10475457910677372,40.160646390476586,9.203237793188325
628,2319,0.1087864145986771,6.145951377326064,-0.039940034010558935
629,2204,0.10417848364530156,-12.516516801407908,-8.556411873233843
630,2379,0.11207424506524709,-3.2079315086217575,-10.898837158849307
631,2303,0.11076908277620125,30.852516041877745,14.65698796287788
632,2400,0.11228070175438597,18.02007066276803,-3.578970936307225
633,2372,0.11245436874792585,25.12275549046872,8.176674916417005
634,2272,0.10884875197623724,14.690107618063513,8.958761937636636
635,2325,0.1103883771721584,21.517776748812402,2.4069245419916565
636,2289,0.10757084449457212,29.085216353830546,6.715507682559797
637,2356,0.11110587125677907,41.5608368331695,4.058108166905971
638,2377,0.11073841136734218,14.110985594939276,1.9428057322794163
639,2212,0.10314277720787093,22.960947463595698,6.446361047570142
640,2398,0.11123996845572204,14.405695247545914,-6.299567714046066
641,2179,0.10203699367829548,48.68173874197642,20.813553983330102
642,2256,0.10936591041303083,47.538540500186635,30.853665341424286
643,2349,0.10756479531092591,10.823124389918771,-7.145819516293053
644,2335,0.11064777519783917,45.67206178771827,24.58247681396618
645,2324,0.10975724945688108,25.295086085970677,-2.9755679977789105
646,2234,0.11035368504248172,12.547366065118032,3.842967312038396
647,2188,0.10213798898328821,-25.101859424612723,-8.78279855247286
648,2325,0.10876684131736528,-13.091818399044204,-13.854039147104325
649,2440,0.11095952705775353,-3.545482695810565,-6.316634290972294
650,2377,0.11161720510894065,26.98274000550643,-3.172739338927895
651,2266,0.10481520884407235,3.450984809773776,16.07572682704367
652,2261,0.10842044691665867,27.434517666715806,10.869013030463114
653,2390,0.11539761479407078,12.988552892946199,-3.6715820093980738
654,2321,0.11195253714065213,24.103751659775604,18.11076602258358
655,2361,0.10810439560439561,-6.092734834017517,-3.092961545153993
656,2230,0.10362935080626423,23.63156814784617,15.67005355264416
657,2323,0.10695704222109674,5.846612166937514,4.577746207781493
658,2394,0.10782326712606405,11.212460977003914,0.05692157941512567
659,2435,0.11556715709539629,-10.93136166594072,-6.786290905337046
660,2368,0.11156129275416941,37.63513482082561,13.616866742817729
661,2237,0.10580333916662725,21.36643818606268,1.6301807558882593
662,2292,0.1063425045237322,9.929832911646082,-7.296313112967671
663,2368,0.11051477108321277,-27.13355343980344,-29.855403215208725
664,2333,0.10554173263967428,21.6083886442652,-6.491398945747193
665,2277,0.10353765005456529,29.224980265171656,24.88334954421045
666,2359,0.11190171244248376,30.917030684795797,12.54242959969693
667,2295,0.10694315004659832,-1.8142708127021898,-9.627065752461323
668,2308,0.11062116564417178,19.168160810881783,-1.7519803087939148
669,2222,0.10571890760300695,1.2257946847316297,7.448253208512234
670,2240,0.10942308631722925,-2.7175937950937947,-2.5099012175511137
671,2336,0.11031877213695396,20.363968997837055,6.8903045773124525
672,2301,0.1112185219198608,9.835273478627625,-7.035398031195219
673,2240,0.10503610616149302,-4.070156926406926,4.34670546663895
674,2390,0.11141671716936273,-6.19800911559995,-11.979563889181504
675,2447,0.11569192945960002,14.704639886052144,14.865149737036557
676,2333,0.10731864391186346,-14.43898927917021,-10.135821758020674
677,2292,0.10907014371371467,34.02312490663965,2.3374036988521563
678,2272,0.10987522971273818,18.483626760563382,-9.725551347738914
679,2405,0.11107005957604027,46.29419066471698,19.569459061250264
680,2255,0.10529510646245797,-16.905812448207126,-11.748864730975644
681,2412,0.11291077614455575,25.06118576442614,10.988358683116823
682,2381,0.1111111111111111,17.684991295389402,6.605249694138582
683,2387,0.11198686371100164,13.459865205535834,-3.928201660785599
684,2293,0.10730999625608387,37.40636720453554,26.842688999547303
685,2287,0.10507695841948082,2.556448172145593,0.4835848763030952
686,2388,0.10983855388436595,40.92100681504279,17.292900131026673
687,2300,0.11043357180582897,44.61048205163765,12.676383289770962
688,2213,0.10315092756595506,18.282838780940907,4.637374221370392
689,2156,0.10358412606899202,13.986764505715293,4.776518531021678
690,2191,0.10358358547655068,10.41593600614956,6.330217334997292
691,2273,0.10431390546122074,20.9368585243455,3.097808237174578
692,2259,0.1069045478207373,40.54842537817305,12.949693849151123
693,2365,0.1126995472956874,45.94092847918373,10.36566817729634
694,2167,0.09983414724039436,3.5530911328327126,-10.798923584173773
695,2290,0.10822817713502529,-3.6135714070142964,-9.559779811586747
696,2324,0.10640051277355554,53.18337359462914,22.595141250472317
697,2406,0.11079388469331368,-14.391000347792575,-11.8670895903112
698,2363,0.10989675379034508,2.1963672405728683,-5.42904537671233
699,2375,0.10919540229885058,2.078941682755532,2.155777716198067
700,2246,0.10368387037208014,52.86234293064213,23.84403504830375
701,2497,0.11494729088984026,-6.303052850022897,1.233038645105422
702,2227,0.10422126544365407,26.574032647988645,10.550251766884188
703,2239,0.10223744292237442,43.51214930148195,37.59901323706378
704,2306,0.10843600112856203,11.063405359570968,11.851863486436153
705,2419,0.11297930970062117,23.93381224177987,6.134403399528779
706,2254,0.10701737726711613,-15.566102627168336,-14.023193959202073
707,2326,0.10663365882730481,-8.52090178153897,-13.127704208732132
708,2380,0.1099815157116451,30.532004498769204,-0.17980722992327208
709,2219,0.10460073536343924,5.750292924740875,0.7708128388735113
710,2372,0.10970308019609656,12.890195802885515,-4.25192818859209
711,2354,0.10971290082028337,25.289993391862552,11.119083619702176
712,2280,0.10738507912584777,25.8615350877193,3.0163116528078353
713,2435,0.11371596693597348,-15.812403228218644,-16.280710795934777
714,2283,0.10803009511191028,10.479409955888274,17.25054770894514
715,2322,0.11108984786144867,-3.8158975630551852,-3.8647906657515456
716,2470,0.11516762251130694,3.4005250889461425,3.572539988796913
717,2223,0.10504678196767792,28.771591761065448,9.064460842656509
718,2329,0.10950724092533383,18.137686005612156,15.307118676167702
719,2241,0.10600255427841634,46.51600606454407,23.040546645583913
720,2321,0.10689448717358264,30.636901544527575,6.718526927023071
721,2216,0.10297876295366885,11.214891696750904,-10.609179578122083
722,2174,0.10954348483321576,13.059377413313888,-3.975317578927707
723,2335,0.10938817577063618,11.916128534300515,0.6026866148197124
724,2390,0.11165615510394768,35.882379287257066,15.193401875494292
725,2320,0.1045893066450275,17.457936534125285,-4.8139177586986
726,2264,0.10916630502917209,-0.21659232270632708,5.942110000473732
727,2230,0.104867152598166,-3.788071748878922,-11.089905248692046
728,2240,0.11124906878569654,25.41557432881446,18.44252820203333
729,2394,0.11275964391691394,8.580929174788825,-4.210690226394255
730,2014,0.09830144474814526,-16.040186556940334,-6.842442536556402
731,2355,0.11371318203766297,4.829184638879574,-6.49084953046517
732,2357,0.11294805443741614,52.63084526347818,22.0939628899247
733,2292,0.11203441196597907,-4.486212914485164,8.120681755704206
734,2324,0.11076688432391212,7.566593921825375,-10.640117348279185
735,2289,0.10527526100354137,9.338882606386226,1.3065683705644635
736,2343,0.11326501015179348,19.017738473759767,14.729139103061273
737,2424,0.10907127429805616,32.88563367301642,15.118926615553123
738,2398,0.11094660867955955,17.010556777112242,2.890048188624046
739,2452,0.11582975105106523,8.1132897620491,-13.432332603186873
740,2300,0.10451220066342527,7.498932320920883,-3.269543677847472
741,2371,0.10859707781798196,-6.6805828714905475,0.4012095050859057
742,2138,0.09732780989666318,20.42005916582993,7.711690325081144
743,2359,0.10663110789675903,31.29320504750772,14.011192489079171
744,2299,0.1104067617538299,32.31688377097594,4.045178739416744
745,2344,0.10936406475994961,1.631125086866508,-8.472860005066439
746,2326,0.10925830240969515,-2.5514245500668986,-14.062086467869118
747,2448,0.11143988710338235,20.477232138203497,-2.9683688789256113
748,2252,0.10865579465405771,1.3280036742105572,-8.076956955100716
749,2360,0.1128646580583453,21.277524238819957,-8.113528002988156
750,2387,0.11240346581277076,11.161079585126506,-10.70563132612798
751,2189,0.10424305919329492,30.54495203289173,7.2891254934800775
752,2292,0.10853814462281575,22.57590344985633,10.90615083068882
753,2228,0.10697138467447667,1.97168254881805,-5.826603868489644
754,2327,0.10717575534266766,13.094727794992421,15.981455361065501
755,2400,0.10847457627118644,5.739882996632999,-13.254156769596197
756,2250,0.10445682451253482,-14.428387311713628,-14.831644424338384
757,2420,0.11393060590367685,33.06671493095373,13.081038282938518
758,2367,0.11113197802713742,5.907155898477355,-3.2254901960784323
759,2167,0.10679085353834024,2.9645452656406444,9.640649480131033
760,2300,0.10676321775054542,-6.733056214317085,-8.72173583728753
761,2346,0.10821033210332104,44.109726850775445,19.383420720780514
762,2363,0.11092855130973618,3.2740308850583473,-3.299189534422765
763,2404,0.11222108113154701,-14.861567001126067,-7.651867174741426
764,2187,0.1014378478664193,9.828479826299478,11.964824120603016
765,2314,0.10664085902576155,1.379449202482911,-13.072081636190308
766,2358,0.10742107421074211,-1.2151813884571354,-17.21563523567818
767,2340,0.10609357997823722,-0.2366459466459448,-2.272054370499967
768,2341,0.11100047415836889,3.935540049429752,-4.432436462793721
769,2502,0.11613981339646288,14.062386050755356,9.09833259367273
770,2306,0.10812584986167768,-11.679761185138464,-27.477727241560576
771,2458,0.1110007225433526,11.752006338058326,-1.2623315452047665
772,2444,0.11104043616537937,-22.91742398139375,-18.491649925934947
773,2301,0.10715283598770606,27.202171651324196,10.576800789387127
774,2181,0.10250023498449103,40.47411912020614,17.61512060027931
775,2284,0.10858093653434751,-8.190390330626757,-1.9358394704950095
776,2475,0.11539537486012681,-13.23863717450958,-19.53836330743854
777,2250,0.1076400516672248,-20.192415878079036,-2.683601054362765
778,2418,0.10927825733267049,-7.873669699476152,-26.841968414995417
779,2387,0.1107348302096864,29.947199109477236,13.130270901756784
780,2282,0.10850649041890542,9.17258868028968,9.829709499198
781,2249,0.10648170067705127,12.259314471148972,5.629122807017537
782,2304,0.10644490644490645,-3.0644127911054997,-8.488514724123675
783,2444,0.10903412893151908,38.91064351848227,12.557432861069998
784,2315,0.10783491708589528,57.21481462344256,31.21120281423353
785,2306,0.1036497662711255,17.16882731546994,5.4625638498073315
786,2270,0.10829119358839806,50.77730783372795,9.979715717618596
787,2305,0.10503531556163136,32.757093275488074,11.728018836192401
788,2260,0.10902600221911332,10.906468668990792,8.407426790143122
789,2231,0.10851167315175098,-1.4061350250243552,-14.985465711361307
790,2448,0.11594752048500924,9.843218954248368,-1.1099991695041938
791,2385,0.1101922010718906,5.136906592126719,-0.04496317670873015
792,2371,0.10836875542757896,1.9481006876687141,-11.856288482333992
793,2157,0.10184135977337111,3.852324651980604,-16.331572088615086
794,2461,0.11412010201715743,30.50647884780351,19.20757307812337
795,2501,0.11458285609566134,-19.903659142403644,-14.571945337620578
796,2265,0.10837320574162679,2.9580630283314164,2.60505858368618
797,2310,0.10651542398672015,31.213429533429533,-3.602387285691931
798,2317,0.10693681635667143,8.232723000396717,-6.947752635525556
799,2394,0.11125569290826284,-8.118330915006814,-12.427666543742813
800,2454,0.1120036513007759,16.3336657658817,9.034251900483762
801,2317,0.10611403709640485,14.606899653234523,10.860177787779906
802,2396,0.10713646932570202,-5.715281094931388,-18.410709598390056
803,2318,0.1061792863359443,26.763454053729248,-8.655596366595553
804,2229,0.10447621279587532,14.754816732411125,-2.577391186317974
805,2408,0.11550822660334821,8.188855595648741,6.470179297750477
806,2513,0.11361273113612731,-4.456225352780111,-32.468741511118004
807,2316,0.10701413917382867,33.72612361227033,10.409455504166948
808,2254,0.10493970855253969,2.7543646901933934,-12.516529668059112
809,2271,0.10376022296340294,-5.654195410734382,-20.016418641953305
810,2458,0.11312071425284183,28.143774194343763,5.6750343370311676
811,2352,0.11085450346420324,14.075500168169349,10.679526364160985
812,2275,0.10763626040878123,28.00407220849326,17.334826829159013
813,2354,0.10744933357677561,8.451408576666818,-6.032576672813207
814,2287,0.10405386960280268,25.212547866067766,-2.363905392792918
815,2345,0.11036332831325302,13.700069780965304,-4.026209548221724
816,2222,0.10676532769556026,8.741073030748051,2.6481295161437846
817,2338,0.10761299825094357,-25.930561433523927,-13.29602839729422
818,2293,0.10765763650875627,29.572237860506505,15.930531257612328
819,2257,0.10710895975702354,8.668836347524872,0.7795107033639151
820,2250,0.10796545105566219,-15.071097076023392,-2.29239550727306
821,2309,0.10373332135316052,8.451034219010785,-1.0398161641071662
822,2322,0.11265282359790413,35.282982987314554,1.448851137972341
823,2225,0.10967074132492113,49.60850857480781,26.56404277739166
824,2240,0.11044820275134362,21.179340277777776,9.838159243106691
825,2302,0.1082224625076395,-3.799816584612411,-3.5949489497593663
826,2222,0.107079176907137,13.157194140466682,-4.05185202627923
827,2347,0.10696868875620984,18.89799712642311,-5.431672755686017
828,2378,0.11044540430077562,26.712383719448482,1.3786255330886268
829,2326,0.10645796146276718,1.2542056991145085,-10.404524783992724
830,2367,0.11610909447660159,-31.547757835397082,-25.369510090140007
831,2212,0.10548402479732952,14.837839059674504,1.1183503646297663
832,2344,0.10805328907942655,-8.554932588866937,-7.116402697537509
833,2314,0.1081460017759499,20.155047564302446,0.43559775458292943
834,2426,0.11499265298383657,-13.64041043927363,-4.544201768070722
835,2229,0.10626936829558999,16.313376307525207,15.464830568889312
836,2437,0.11541011555218791,12.41926362517253,7.362827112827109
837,2359,0.11007419159161962,-15.303722258618404,-13.848805792715876
838,2276,0.10682436872242561,6.089488586727508,12.027880162555523
839,2301,0.10626212247159877,-9.969143850499783,-4.13713996077308
840,2338,0.10690443529949703,-10.899137814596372,1.8202721208640724
841,2273,0.11064057632398754,17.113656583432213,1.0366907461594728
842,2336,0.10670564589804495,20.287987162541057,3.3761869038688257
843,2598,0.11915791404852544,15.015365354857273,1.1858328112243914
844,2301,0.10671551804099805,8.831992677755393,-1.8849461412296658
845,2410,0.10623291898086926,8.75966244669892,-16.222265213559464
846,2209,0.10300769410118908,7.812109900799708,-0.2999859655688633
847,2367,0.11532277710109623,35.35121584735352,11.823230741701709
848,2211,0.10116678105696637,7.6960270418243715,0.8981460183097966
849,2324,0.10596388838227248,4.880363284992325,-6.4413973758635095
850,2342,0.10547174059896419,10.012496873086114,3.331282347453293
851,2183,0.10306406685236769,3.5989638166266174,10.557697753445348
852,2257,0.10533439118868718,26.14929042306091,15.255445544554457
853,2226,0.10803203106042222,-7.3125586502944975,-14.699015893550179
854,2284,0.10773584905660377,-0.8952856056183558,-5.152274358514265
855,2411,0.10704137808559759,10.852767408636343,-11.79766206163656
856,2402,0.10874683085838464,-13.154270851731303,-11.499148247519274
857,2099,0.10095228934205464,3.3684917933883614,-12.389441395672078
858,2505,0.114060650214006,13.414120042742802,2.234281241847117
859,2494,0.11292732623952909,9.064583282706781,-8.41100378707289
860,2412,0.1079484425349087,-3.2929880766290807,-4.81030874452523
861,2281,0.10687344796888909,11.517442567533712,-8.639168404886881
862,2242,0.10694013832578106,39.49659423475565,8.521761145250752
863,2393,0.10999770167777523,34.81221545296588,18.42093089226875
864,2365,0.1137128570054813,13.52080306795562,-3.648280224214269
865,2328,0.10892756878158338,23.36589867749662,8.947278529372108
866,2241,0.10741504098164215,9.225065018773186,2.739329772652077
867,2366,0.10975044067167641,14.119011015974582,0.5165685561214359
868,2349,0.11020408163265306,17.994424131978747,-1.181157024793388
869,2154,0.10187287173666289,-15.30840190992661,-8.35578176827176
870,2330,0.10598135092108256,21.477498157541074,3.4890577238293554
871,2422,0.11369290710228606,21.055790465830018,9.846608239893456
872,2392,0.10784976779836783,-7.297026438473804,-13.659105843964563
873,2223,0.10563581068237977,-14.214266083425821,-13.304349775784752
874,2477,0.11575307257348474,23.85493581889052,10.831453787693055
875,2326,0.10857996452245355,33.623262561808524,2.338369617471328
876,2331,0.10873215785054575,-3.3534564867898227,-11.766279486949506
877,2229,0.10443215892053972,0.17410319577918715,5.062119824326545
878,2313,0.10644760458373602,25.43322006558405,10.625522710886807
879,2333,0.10650536407212965,12.114515334042935,-0.3582716543308693
880,2268,0.10603581280097246,5.884236545347656,2.360272529639839
881,2130,0.10322267991276957,-9.957665261460665,-19.945628356088513
882,2315,0.11085571996360676,2.550161774617839,-16.784793611517262
883,2526,0.11996010827753241,55.109526632748285,2.5410177137412733
884,2277,0.1086147681740126,36.74427570903543,10.020161476355245
885,2250,0.10509598766873744,12.89538630751964,15.832248396009925
886,2435,0.11326635035817285,26.789495779146705,6.192876955978574
887,2379,0.10913845306908891,12.517721830146334,-10.119286961707198
888,2188,0.10199990676425341,-3.3960756414330926,-7.665386056971516
889,2348,0.11238213755803379,-1.6279842720217519,-7.417704685491382
890,2364,0.10806857142857143,31.198643371105298,8.986043794356936
891,2263,0.10993975903614457,10.526225578810642,11.56915107505263
892,2218,0.10850210351237648,28.00351634612942,-0.07258176435212842
893,2359,0.10740302312875614,32.59924510043204,13.30979986042009
894,2193,0.1028225806451613,21.487668583499815,13.131903382567682
895,2381,0.11074418604651162,13.113899176561922,-4.291059013057489
896,2232,0.10713771420342726,36.701135744351646,13.38530532577377
897,2412,0.11071330212062792,-5.67443731193404,-9.84599777472348
898,2310,0.10705348039670035,49.294257567702545,19.079422382671478
899,2415,0.1115473441108545,46.33665265491353,17.98151516433315
900,2181,0.10437903804737976,12.711395598885645,1.0322920406941978
901,2412,0.11001642036124795,-27.261802827965436,-11.398542043170139
902,2545,0.11720548954591507,66.43343648458529,25.753155884062785
903,2211,0.10513052161095526,19.468934939626937,3.4352082887764053
904,2328,0.10730088495575221,28.919159057567903,25.27431277942543
905,2329,0.10857808857808858,3.569486896261431,-6.148239570944506
906,2153,0.10125094055680964,21.634145745226977,5.213580071847229
907,2189,0.10377850471720476,5.448790445873951,-3.6945983051649836
908,2236,0.10657769304099142,12.06849454435134,8.29583809587844
909,2281,0.10630068039891882,27.179765653022997,15.07783733395479
910,2379,0.10561129361626564,52.896226238849195,28.420528640538453
911,2243,0.1055976648933666,23.287256259239268,17.662962548910002
912,2244,0.10770855332629356,14.343351187074802,-9.443851768669283
913,2284,0.10743685027517758,34.42575548088499,20.413986858297154
914,2234,0.10623929998097774,19.731273175614223,-0.722751790198084
915,2306,0.10516234950747902,-12.541320125987127,-18.628601896809908
916,2195,0.1027958600665012,0.09374226620600143,13.52859618717504
917,2329,0.11155817406715524,0.9138324557637112,16.25990523465704
918,2203,0.10570002878802418,-24.0410660104642,-0.9392401064933871
919,2171,0.10320893748514381,-4.978932283880284,15.849153896434016
920,2232,0.1065648126044402,-11.49903741718258,-10.675477099236641
921,2303,0.1092971382468796,-17.921120176327342,-23.427639931997675
922,2252,0.10813925570228092,-38.155020901734936,-13.264534010855757
923,2216,0.10900683752275075,-8.698275170477334,-17.905892761518942
924,2316,0.10627753303964757,1.0027575546392042,6.725383105012525
925,2276,0.10758177349215353,2.284243414629135,-4.358992285438765
926,2330,0.11213783809798826,26.478121125417264,12.847521598743343
927,2289,0.1077988132240746,-5.149675434996538,-13.836469231940482
928,2370,0.11224779766979255,23.39425590571493,4.439465203379494
929,2226,0.10689075630252101,0.5399859473345077,-8.186933864149763
930,2287,0.10339994574554662,11.018985217279932,3.4818878839355407
931,2201,0.10645192493712517,10.585422893899901,-7.18294208551034
932,2358,0.10826943385830387,3.549942440340192,-2.921082500612021
933,2370,0.11038144473941595,37.05670587733879,5.2409464660601826
934,2321,0.10767803293899328,16.486051059129814,16.102885289059678
935,2312,0.10845295055821372,29.344845353001876,9.120641031380098
936,2335,0.11009996227838552,30.762168580883785,18.316299518909837
937,2234,0.10391664340868918,-16.186436884512087,3.988102569155352
938,2408,0.1106465101318752,0.05555749839715699,-2.236759324645307
939,2260,0.10362694300518134,17.862850136201324,23.21888751775362
940,2272,0.10346554943303429,23.956667466922752,7.964241422075237
941,2262,0.10921732412727536,15.75889576579232,-7.219819539514623
942,2207,0.10799040955130401,22.635303937233203,7.098597711206798
943,2325,0.10823014616888559,29.15983143260562,-1.4049323968795042
944,2161,0.10314051164566629,22.198110036776345,11.405591581747785
945,2375,0.11153900342835674,-19.49986703601108,-3.5751507637998774
946,2262,0.10420121614151465,8.061767989354195,12.035551962241064
947,2425,0.11501612597230128,2.6493366656253237,-7.4094847825159
948,2330,0.10859939408063389,-22.2380410839819,-13.148823696454704
949,2461,0.11576273578249212,55.99510516097911,24.977713874910133
950,2453,0.11368586921258748,22.693015355347192,-8.95241263175401
951,2273,0.10418003483362362,25.64183537741552,4.646451583104314
952,2312,0.10983372921615202,-15.371694936066179,-7.363332967394887
953,2409,0.11205172333596912,-8.661712336491128,-12.505040657152335
954,2197,0.10359786862828312,7.634865725989986,1.08419023136247
955,2230,0.10644391408114559,38.63314897857499,21.949747563696135
956,2264,0.10761990778152779,-0.8253020487561089,-9.557044620691169
957,2326,0.10713463221408502,27.59035713975525,5.141856972481118
958,2244,0.10768787791534697,25.5738554273384,26.140870829327767
959,2113,0.10165006975513542,4.49417250191405,-3.44958722760741
960,2282,0.10963247657938986,-19.013374484733866,-15.132178049609237
961,2447,0.11806996381182147,-6.110379123000379,-16.960584534199302
962,2286,0.10263087007273054,9.9518244562864,-5.703978514202478
963,2203,0.10836735697771656,5.4662905182459856,8.502235781824952
964,2341,0.10876736514426427,76.47878469944163,34.14508971228368
965,2194,0.10497105401655424,22.114038286235186,2.386064824579905
966,2283,0.10585616914730839,29.69765825719211,-0.3233680805961679
967,2345,0.10966655754571389,41.79166920013739,16.16671630506999
968,2263,0.10771061399333651,29.410921692211087,16.33200706350448
969,2311,0.10638983519012982,5.828529182600103,-5.075822445040927
970,2358,0.11175355450236966,0.2075541811580377,14.765938884166253
971,2333,0.1064276264768943,21.41953407333424,9.111030670001314
972,2371,0.10941393631748962,57.298813368428675,16.135165712764543
973,2474,0.11416178302800978,1.1502030258763438,-15.740102497090469
974,2282,0.10783479822323032,26.165382246283116,14.387460134355702
975,2237,0.10626068782063462,-14.000916061302384,-6.928802737649572
976,2350,0.11040638947615691,-19.28470179963125,-9.801821103374394
977,2239,0.10773228119135832,-6.866556469943787,-20.08752353720622
978,2259,0.1108385260782101,8.374723328906594,5.566826547685447
979,2463,0.11484659143896297,16.8756249591239,4.136774880255458
980,2198,0.10136973666005626,26.264851885552524,2.8369881109643336
981,2424,0.11210285344309301,21.109888444984847,-2.267315029860651
982,2366,0.11045235983380794,31.46215264717289,6.0149861997585
983,2259,0.10615102673746535,-18.827260207207082,-15.417682069547284
984,2450,0.110869761969409,31.19337961787585,8.24715507166144
985,2286,0.11020053991515619,3.928946066085175,-13.831929980057613
986,2319,0.102275734321249,2.3221157811748134,-10.72997635089911
987,2225,0.10723408357029254,14.570322097378275,13.94228501398941
988,2296,0.10783899300173783,-17.659533256644934,-4.629080389074922
989,2355,0.11249104370671124,-6.823827390002382,-20.8251726851447
990,2270,0.10846194275885135,51.55595097743023,13.663998043009318
991,2450,0.11440044826298094,-6.013856828217727,3.5465230380078094
992,2310,0.10708822029576746,-21.194078653935115,-3.1660561386160846
993,2191,0.10549376474553421,21.79118800971836,10.220379556279461
994,2379,0.10892857142857143,26.630828673451628,-10.144393035159478
995,2311,0.10635556169174835,34.47598087964755,12.161783525291304
996,2315,0.10940970745309325,30.50485415712198,8.075085091899249
997,2173,0.10757958314768058,7.667355855647572,-9.658753437213567
998,2479,0.1121262834139943,-0.3558900827557545,-6.925853579131568
999,2329,0.1083507792509886,-9.864771417595083,-7.082818710561183
